scene	scene_path	backend	directions	pixel_size_cm	pixel_size_m	scattering	cache_radiation	steps	samples	nodes	faces	objects	domain_x	domain_y	pixel_cells_estimate	plot_nx_estimate	plot_ny_estimate	status	error_type	error_message	median_ms	min_ms	max_ms	median_alloc_mb	resolved_backend	geometry_mode	incident_par	incident_nir	absorbed_par	absorbed_nir
simple_plant	/Users/rvezy/.julia/artifacts/0fe06e0ad6ecab2e7db5f97aff7d0ee11bb34555/benchmark_scenes/simple_plant.ops	normal_cpu	16	0.1	0.001	false	false	1	1	4	68	1	0.5	0.5	250000	500	500	ok			2136.85225	2136.85225	2136.85225	434.419189453125	RasterCPUBackend	raster_cpu	2823.9925084245056	2029.744615430113	2400.39363216083	202.97446154301127
simple_plant	/Users/rvezy/.julia/artifacts/0fe06e0ad6ecab2e7db5f97aff7d0ee11bb34555/benchmark_scenes/simple_plant.ops	normal_cpu	16	0.1	0.001	false	false	12	1	4	68	1	0.5	0.5	250000	500	500	ok			45.111375	45.111375	45.111375	1108.9243469238281	RasterCPUBackend	raster_cpu	35077.540593852165	19872.506398044483	29815.909504774343	1987.250639804448
simple_plant	/Users/rvezy/.julia/artifacts/0fe06e0ad6ecab2e7db5f97aff7d0ee11bb34555/benchmark_scenes/simple_plant.ops	normal_cpu	16	0.1	0.001	false	false	24	1	4	68	1	0.5	0.5	250000	500	500	ok			70.211041	70.211041	70.211041	2217.818084716797	RasterCPUBackend	raster_cpu	70776.41483941159	40108.50624998053	60159.952613499845	4010.8506249980524
simple_plant	/Users/rvezy/.julia/artifacts/0fe06e0ad6ecab2e7db5f97aff7d0ee11bb34555/benchmark_scenes/simple_plant.ops	normal_cpu	16	0.1	0.001	false	false	48	1	4	68	1	0.5	0.5	250000	500	500	ok			120.061875	120.061875	120.061875	4435.605560302734	RasterCPUBackend	raster_cpu	142317.47083013263	80661.44704841588	120969.8502056127	8066.144704841587
simple_plant	/Users/rvezy/.julia/artifacts/0fe06e0ad6ecab2e7db5f97aff7d0ee11bb34555/benchmark_scenes/simple_plant.ops	normal_cpu	16	0.1	0.001	false	true	1	1	4	68	1	0.5	0.5	250000	500	500	ok			106.362959	106.362959	106.362959	99.30174255371094	RasterCPUBackend	raster_cpu	2823.9925084245056	2029.744615430113	2400.39363216083	202.97446154301127
simple_plant	/Users/rvezy/.julia/artifacts/0fe06e0ad6ecab2e7db5f97aff7d0ee11bb34555/benchmark_scenes/simple_plant.ops	normal_cpu	16	0.1	0.001	false	true	12	1	4	68	1	0.5	0.5	250000	500	500	ok			7.085625	7.085625	7.085625	92.69114685058594	RasterCPUBackend	raster_cpu	35077.540593852165	19872.506398044483	29815.909504774343	1987.250639804448
simple_plant	/Users/rvezy/.julia/artifacts/0fe06e0ad6ecab2e7db5f97aff7d0ee11bb34555/benchmark_scenes/simple_plant.ops	normal_cpu	16	0.1	0.001	false	true	24	1	4	68	1	0.5	0.5	250000	500	500	ok			1.781625	1.781625	1.781625	92.95405578613281	RasterCPUBackend	raster_cpu	70776.41483941159	40108.50624998053	60159.952613499845	4010.8506249980524
simple_plant	/Users/rvezy/.julia/artifacts/0fe06e0ad6ecab2e7db5f97aff7d0ee11bb34555/benchmark_scenes/simple_plant.ops	normal_cpu	16	0.1	0.001	false	true	48	1	4	68	1	0.5	0.5	250000	500	500	ok			2.036125	2.036125	2.036125	93.50532531738281	RasterCPUBackend	raster_cpu	142317.47083013263	80661.44704841588	120969.8502056127	8066.144704841587
simple_plant	/Users/rvezy/.julia/artifacts/0fe06e0ad6ecab2e7db5f97aff7d0ee11bb34555/benchmark_scenes/simple_plant.ops	normal_cpu	16	0.1	0.001	true	false	1	1	4	68	1	0.5	0.5	250000	500	500	ok			329.115583	329.115583	329.115583	75.99224853515625	RasterCPUBackend	raster_cpu	2882.475041921209	2118.98541362103	2450.1037856330277	211.89854136210297
simple_plant	/Users/rvezy/.julia/artifacts/0fe06e0ad6ecab2e7db5f97aff7d0ee11bb34555/benchmark_scenes/simple_plant.ops	normal_cpu	16	0.1	0.001	true	false	12	1	4	68	1	0.5	0.5	250000	500	500	ok			296.97	296.97	296.97	543.7662506103516	RasterCPUBackend	raster_cpu	35950.407875586796	20959.990839469272	30557.846694248787	2095.9990839469265
simple_plant	/Users/rvezy/.julia/artifacts/0fe06e0ad6ecab2e7db5f97aff7d0ee11bb34555/benchmark_scenes/simple_plant.ops	normal_cpu	16	0.1	0.001	true	false	24	1	4	68	1	0.5	0.5	250000	500	500	ok			588.843708	588.843708	588.843708	1087.502944946289	RasterCPUBackend	raster_cpu	72540.78283156366	42306.87257811726	61659.66540682911	4230.6872578117245
simple_plant	/Users/rvezy/.julia/artifacts/0fe06e0ad6ecab2e7db5f97aff7d0ee11bb34555/benchmark_scenes/simple_plant.ops	normal_cpu	16	0.1	0.001	true	false	48	1	4	68	1	0.5	0.5	250000	500	500	ok			1183.3525	1183.3525	1183.3525	2174.976333618164	RasterCPUBackend	raster_cpu	145873.50580706785	85085.34643877283	123992.47993600767	8508.534643877283
simple_plant	/Users/rvezy/.julia/artifacts/0fe06e0ad6ecab2e7db5f97aff7d0ee11bb34555/benchmark_scenes/simple_plant.ops	normal_cpu	16	0.1	0.001	true	true	1	1	4	68	1	0.5	0.5	250000	500	500	ok			33.081875	33.081875	33.081875	45.45103454589844	RasterCPUBackend	raster_cpu	2882.4473501370635	2119.2390749206934	2450.0802476165036	211.9239074920693
simple_plant	/Users/rvezy/.julia/artifacts/0fe06e0ad6ecab2e7db5f97aff7d0ee11bb34555/benchmark_scenes/simple_plant.ops	normal_cpu	16	0.1	0.001	true	true	12	1	4	68	1	0.5	0.5	250000	500	500	ok			24.571417	24.571417	24.571417	45.73860168457031	RasterCPUBackend	raster_cpu	35950.188804122976	20965.548413116732	30557.660483504525	2096.554841311673
simple_plant	/Users/rvezy/.julia/artifacts/0fe06e0ad6ecab2e7db5f97aff7d0ee11bb34555/benchmark_scenes/simple_plant.ops	normal_cpu	16	0.1	0.001	true	true	24	1	4	68	1	0.5	0.5	250000	500	500	ok			25.150334	25.150334	25.150334	46.14497375488281	RasterCPUBackend	raster_cpu	72540.34524495306	42314.094937612914	61659.29345821011	4231.409493761289
simple_plant	/Users/rvezy/.julia/artifacts/0fe06e0ad6ecab2e7db5f97aff7d0ee11bb34555/benchmark_scenes/simple_plant.ops	normal_cpu	16	0.1	0.001	true	true	48	1	4	68	1	0.5	0.5	250000	500	500	ok			25.226334	25.226334	25.226334	46.95771789550781	RasterCPUBackend	raster_cpu	145872.6328508923	85103.24825778553	123991.73792325845	8510.324825778549
simple_plant	/Users/rvezy/.julia/artifacts/0fe06e0ad6ecab2e7db5f97aff7d0ee11bb34555/benchmark_scenes/simple_plant.ops	normal_cpu	16	0.5	0.005	false	false	1	1	4	68	1	0.5	0.5	10000	100	100	ok			0.453333	0.453333	0.453333	3.87127685546875	RasterCPUBackend	raster_cpu	2822.783938174087	2028.875955562625	2399.3663474479736	202.88759555626245
simple_plant	/Users/rvezy/.julia/artifacts/0fe06e0ad6ecab2e7db5f97aff7d0ee11bb34555/benchmark_scenes/simple_plant.ops	normal_cpu	16	0.5	0.005	false	false	12	1	4	68	1	0.5	0.5	10000	100	100	ok			2.555667	2.555667	2.555667	46.119049072265625	RasterCPUBackend	raster_cpu	34999.162318401824	19829.400446461495	29749.287970641544	1982.9400446461493
simple_plant	/Users/rvezy/.julia/artifacts/0fe06e0ad6ecab2e7db5f97aff7d0ee11bb34555/benchmark_scenes/simple_plant.ops	normal_cpu	16	0.5	0.005	false	false	24	1	4	68	1	0.5	0.5	10000	100	100	ok			4.917917	4.917917	4.917917	92.20748901367188	RasterCPUBackend	raster_cpu	70617.311129495	40017.36769772547	60024.71446007077	4001.7367697725463
simple_plant	/Users/rvezy/.julia/artifacts/0fe06e0ad6ecab2e7db5f97aff7d0ee11bb34555/benchmark_scenes/simple_plant.ops	normal_cpu	16	0.5	0.005	false	false	48	1	4	68	1	0.5	0.5	10000	100	100	ok			9.34525	9.34525	9.34525	184.38436889648438	RasterCPUBackend	raster_cpu	141997.78763845772	80475.35032771439	120698.11949268912	8047.535032771439
simple_plant	/Users/rvezy/.julia/artifacts/0fe06e0ad6ecab2e7db5f97aff7d0ee11bb34555/benchmark_scenes/simple_plant.ops	normal_cpu	16	0.5	0.005	false	true	1	1	4	68	1	0.5	0.5	10000	100	100	ok			0.336292	0.336292	0.336292	3.858612060546875	RasterCPUBackend	raster_cpu	2822.783938174087	2028.875955562625	2399.3663474479736	202.88759555626245
simple_plant	/Users/rvezy/.julia/artifacts/0fe06e0ad6ecab2e7db5f97aff7d0ee11bb34555/benchmark_scenes/simple_plant.ops	normal_cpu	16	0.5	0.005	false	true	12	1	4	68	1	0.5	0.5	10000	100	100	ok			0.495791	0.495791	0.495791	4.1113128662109375	RasterCPUBackend	raster_cpu	34999.162318401824	19829.400446461495	29749.287970641544	1982.9400446461493
simple_plant	/Users/rvezy/.julia/artifacts/0fe06e0ad6ecab2e7db5f97aff7d0ee11bb34555/benchmark_scenes/simple_plant.ops	normal_cpu	16	0.5	0.005	false	true	24	1	4	68	1	0.5	0.5	10000	100	100	ok			0.593375	0.593375	0.593375	4.3869476318359375	RasterCPUBackend	raster_cpu	70617.311129495	40017.36769772547	60024.71446007077	4001.7367697725463
simple_plant	/Users/rvezy/.julia/artifacts/0fe06e0ad6ecab2e7db5f97aff7d0ee11bb34555/benchmark_scenes/simple_plant.ops	normal_cpu	16	0.5	0.005	false	true	48	1	4	68	1	0.5	0.5	10000	100	100	ok			0.843583	0.843583	0.843583	4.9382171630859375	RasterCPUBackend	raster_cpu	141997.78763845772	80475.35032771439	120698.11949268912	8047.535032771439
simple_plant	/Users/rvezy/.julia/artifacts/0fe06e0ad6ecab2e7db5f97aff7d0ee11bb34555/benchmark_scenes/simple_plant.ops	normal_cpu	16	0.5	0.005	true	false	1	1	4	68	1	0.5	0.5	10000	100	100	ok			1.297583	1.297583	1.297583	1.9119110107421875	RasterCPUBackend	raster_cpu	2881.2602739732483	2118.060624256308	2449.0712328772606	211.80606242563073
simple_plant	/Users/rvezy/.julia/artifacts/0fe06e0ad6ecab2e7db5f97aff7d0ee11bb34555/benchmark_scenes/simple_plant.ops	normal_cpu	16	0.5	0.005	true	false	12	1	4	68	1	0.5	0.5	10000	100	100	ok			14.888792	14.888792	14.888792	22.618240356445312	RasterCPUBackend	raster_cpu	35870.79210747845	20916.52350587713	30490.17329135668	2091.652350587712
simple_plant	/Users/rvezy/.julia/artifacts/0fe06e0ad6ecab2e7db5f97aff7d0ee11bb34555/benchmark_scenes/simple_plant.ops	normal_cpu	16	0.5	0.005	true	false	24	1	4	68	1	0.5	0.5	10000	100	100	ok			27.97875	27.97875	27.97875	45.20692443847656	RasterCPUBackend	raster_cpu	72379.38523165727	42215.27154392054	61522.477446908684	4221.527154392052
simple_plant	/Users/rvezy/.julia/artifacts/0fe06e0ad6ecab2e7db5f97aff7d0ee11bb34555/benchmark_scenes/simple_plant.ops	normal_cpu	16	0.5	0.005	true	false	48	1	4	68	1	0.5	0.5	10000	100	100	ok			54.828583	54.828583	54.828583	90.38429260253906	RasterCPUBackend	raster_cpu	145549.4720749394	84898.6376463187	123717.0512636985	8489.863764631866
simple_plant	/Users/rvezy/.julia/artifacts/0fe06e0ad6ecab2e7db5f97aff7d0ee11bb34555/benchmark_scenes/simple_plant.ops	normal_cpu	16	0.5	0.005	true	true	1	1	4	68	1	0.5	0.5	10000	100	100	ok			1.332416	1.332416	1.332416	1.9370574951171875	RasterCPUBackend	raster_cpu	2881.2276244744853	2118.3101464363813	2449.0434808033124	211.83101464363807
simple_plant	/Users/rvezy/.julia/artifacts/0fe06e0ad6ecab2e7db5f97aff7d0ee11bb34555/benchmark_scenes/simple_plant.ops	normal_cpu	16	0.5	0.005	true	true	12	1	4	68	1	0.5	0.5	10000	100	100	ok			1.466708	1.466708	1.466708	2.309600830078125	RasterCPUBackend	raster_cpu	35870.53381521929	20921.997198485493	30489.953742936395	2092.1997198485487
simple_plant	/Users/rvezy/.julia/artifacts/0fe06e0ad6ecab2e7db5f97aff7d0ee11bb34555/benchmark_scenes/simple_plant.ops	normal_cpu	16	0.5	0.005	true	true	24	1	4	68	1	0.5	0.5	10000	100	100	ok			1.635375	1.635375	1.635375	2.715972900390625	RasterCPUBackend	raster_cpu	72378.86930305454	42222.37337079668	61522.038907596354	4222.237337079667
simple_plant	/Users/rvezy/.julia/artifacts/0fe06e0ad6ecab2e7db5f97aff7d0ee11bb34555/benchmark_scenes/simple_plant.ops	normal_cpu	16	0.5	0.005	true	true	48	1	4	68	1	0.5	0.5	10000	100	100	ok			2.046292	2.046292	2.046292	3.528717041015625	RasterCPUBackend	raster_cpu	145548.4428317017	84916.2548357067	123716.17640694643	8491.625483570671
simple_plant	/Users/rvezy/.julia/artifacts/0fe06e0ad6ecab2e7db5f97aff7d0ee11bb34555/benchmark_scenes/simple_plant.ops	normal_cpu	16	1.0	0.01	false	false	1	1	4	68	1	0.5	0.5	2500	50	50	ok			0.328208	0.328208	0.328208	1.0491943359375	RasterCPUBackend	raster_cpu	2837.2203179194566	2039.2521035046097	2411.637270231538	203.92521035046093
simple_plant	/Users/rvezy/.julia/artifacts/0fe06e0ad6ecab2e7db5f97aff7d0ee11bb34555/benchmark_scenes/simple_plant.ops	normal_cpu	16	1.0	0.01	false	false	12	1	4	68	1	0.5	0.5	2500	50	50	ok			2.326792	2.326792	2.326792	12.254058837890625	RasterCPUBackend	raster_cpu	35169.286918503676	19940.106661926187	29893.89388072812	1994.0106661926184
simple_plant	/Users/rvezy/.julia/artifacts/0fe06e0ad6ecab2e7db5f97aff7d0ee11bb34555/benchmark_scenes/simple_plant.ops	normal_cpu	16	1.0	0.01	false	false	24	1	4	68	1	0.5	0.5	2500	50	50	ok			3.839625	3.839625	3.839625	24.477508544921875	RasterCPUBackend	raster_cpu	70934.32917704649	40217.62455109611	60294.179800489524	4021.7624551096105
simple_plant	/Users/rvezy/.julia/artifacts/0fe06e0ad6ecab2e7db5f97aff7d0ee11bb34555/benchmark_scenes/simple_plant.ops	normal_cpu	16	1.0	0.01	false	false	48	1	4	68	1	0.5	0.5	2500	50	50	ok			8.152625	8.152625	8.152625	48.924407958984375	RasterCPUBackend	raster_cpu	142610.5923271476	80856.72302983621	121219.00347807546	8085.672302983623
simple_plant	/Users/rvezy/.julia/artifacts/0fe06e0ad6ecab2e7db5f97aff7d0ee11bb34555/benchmark_scenes/simple_plant.ops	normal_cpu	16	1.0	0.01	false	true	1	1	4	68	1	0.5	0.5	2500	50	50	ok			0.283208	0.283208	0.283208	1.036529541015625	RasterCPUBackend	raster_cpu	2837.2203179194566	2039.2521035046097	2411.637270231538	203.92521035046093
simple_plant	/Users/rvezy/.julia/artifacts/0fe06e0ad6ecab2e7db5f97aff7d0ee11bb34555/benchmark_scenes/simple_plant.ops	normal_cpu	16	1.0	0.01	false	true	12	1	4	68	1	0.5	0.5	2500	50	50	ok			0.400125	0.400125	0.400125	1.2892303466796875	RasterCPUBackend	raster_cpu	35169.286918503676	19940.106661926187	29893.89388072812	1994.0106661926184
simple_plant	/Users/rvezy/.julia/artifacts/0fe06e0ad6ecab2e7db5f97aff7d0ee11bb34555/benchmark_scenes/simple_plant.ops	normal_cpu	16	1.0	0.01	false	true	24	1	4	68	1	0.5	0.5	2500	50	50	ok			0.529	0.529	0.529	1.5648651123046875	RasterCPUBackend	raster_cpu	70934.32917704649	40217.62455109611	60294.179800489524	4021.7624551096105
simple_plant	/Users/rvezy/.julia/artifacts/0fe06e0ad6ecab2e7db5f97aff7d0ee11bb34555/benchmark_scenes/simple_plant.ops	normal_cpu	16	1.0	0.01	false	true	48	1	4	68	1	0.5	0.5	2500	50	50	ok			0.788	0.788	0.788	2.1161346435546875	RasterCPUBackend	raster_cpu	142610.5923271476	80856.72302983621	121219.00347807546	8085.672302983623
simple_plant	/Users/rvezy/.julia/artifacts/0fe06e0ad6ecab2e7db5f97aff7d0ee11bb34555/benchmark_scenes/simple_plant.ops	normal_cpu	16	1.0	0.01	true	false	1	1	4	68	1	0.5	0.5	2500	50	50	ok			0.568542	0.568542	0.568542	0.5593719482421875	RasterCPUBackend	raster_cpu	2896.3913204494547	2129.49485931398	2461.9326223820367	212.949485931398
simple_plant	/Users/rvezy/.julia/artifacts/0fe06e0ad6ecab2e7db5f97aff7d0ee11bb34555/benchmark_scenes/simple_plant.ops	normal_cpu	16	1.0	0.01	true	false	12	1	4	68	1	0.5	0.5	2500	50	50	ok			5.495959	5.495959	5.495959	6.3877716064453125	RasterCPUBackend	raster_cpu	36041.53357377494	21028.322662885104	30635.3035377087	2102.8322662885093
simple_plant	/Users/rvezy/.julia/artifacts/0fe06e0ad6ecab2e7db5f97aff7d0ee11bb34555/benchmark_scenes/simple_plant.ops	normal_cpu	16	1.0	0.01	true	false	24	1	4	68	1	0.5	0.5	2500	50	50	ok			10.284625	10.284625	10.284625	12.745986938476562	RasterCPUBackend	raster_cpu	72696.65530567864	42415.22410536808	61792.15700982683	4241.522410536806
simple_plant	/Users/rvezy/.julia/artifacts/0fe06e0ad6ecab2e7db5f97aff7d0ee11bb34555/benchmark_scenes/simple_plant.ops	normal_cpu	16	1.0	0.01	true	false	48	1	4	68	1	0.5	0.5	2500	50	50	ok			19.671292	19.671292	19.671292	25.462417602539062	RasterCPUBackend	raster_cpu	146161.9905651682	85277.23843306031	124237.69198039293	8527.723843306025
simple_plant	/Users/rvezy/.julia/artifacts/0fe06e0ad6ecab2e7db5f97aff7d0ee11bb34555/benchmark_scenes/simple_plant.ops	normal_cpu	16	1.0	0.01	true	true	1	1	4	68	1	0.5	0.5	2500	50	50	ok			0.576583	0.576583	0.576583	0.5845184326171875	RasterCPUBackend	raster_cpu	2896.3652345051396	2129.7435595968045	2461.910449329369	212.9743559596804
simple_plant	/Users/rvezy/.julia/artifacts/0fe06e0ad6ecab2e7db5f97aff7d0ee11bb34555/benchmark_scenes/simple_plant.ops	normal_cpu	16	1.0	0.01	true	true	12	1	4	68	1	0.5	0.5	2500	50	50	ok			0.738042	0.738042	0.738042	0.957061767578125	RasterCPUBackend	raster_cpu	36041.32720621204	21033.845792018685	30635.128125280236	2103.3845792018683
simple_plant	/Users/rvezy/.julia/artifacts/0fe06e0ad6ecab2e7db5f97aff7d0ee11bb34555/benchmark_scenes/simple_plant.ops	normal_cpu	16	1.0	0.01	true	true	24	1	4	68	1	0.5	0.5	2500	50	50	ok			0.925417	0.925417	0.925417	1.363433837890625	RasterCPUBackend	raster_cpu	72696.2430946092	42422.346952238695	61791.80663041783	4242.2346952238695
simple_plant	/Users/rvezy/.julia/artifacts/0fe06e0ad6ecab2e7db5f97aff7d0ee11bb34555/benchmark_scenes/simple_plant.ops	normal_cpu	16	1.0	0.01	true	true	48	1	4	68	1	0.5	0.5	2500	50	50	ok			1.309584	1.309584	1.309584	2.176177978515625	RasterCPUBackend	raster_cpu	146161.168231509	85294.92916227374	124236.99299678265	8529.492916227373
simple_plant	/Users/rvezy/.julia/artifacts/0fe06e0ad6ecab2e7db5f97aff7d0ee11bb34555/benchmark_scenes/simple_plant.ops	normal_cpu	16	10.0	0.1	false	false	1	1	4	68	1	0.5	0.5	25	5	5	ok			0.230834	0.230834	0.230834	0.112579345703125	RasterCPUBackend	raster_cpu	1476.9894684741787	1061.5861804658164	1255.4410482030519	106.15861804658161
simple_plant	/Users/rvezy/.julia/artifacts/0fe06e0ad6ecab2e7db5f97aff7d0ee11bb34555/benchmark_scenes/simple_plant.ops	normal_cpu	16	10.0	0.1	false	false	12	1	4	68	1	0.5	0.5	25	5	5	ok			1.170708	1.170708	1.170708	1.0148468017578125	RasterCPUBackend	raster_cpu	13473.239504125791	7547.355561502848	11452.253578506925	754.7355561502845
simple_plant	/Users/rvezy/.julia/artifacts/0fe06e0ad6ecab2e7db5f97aff7d0ee11bb34555/benchmark_scenes/simple_plant.ops	normal_cpu	16	10.0	0.1	false	false	24	1	4	68	1	0.5	0.5	25	5	5	ok			2.178125	2.178125	2.178125	1.9990997314453125	RasterCPUBackend	raster_cpu	27428.998896083238	15352.02143426443	23314.649061670745	1535.2021434264425
simple_plant	/Users/rvezy/.julia/artifacts/0fe06e0ad6ecab2e7db5f97aff7d0ee11bb34555/benchmark_scenes/simple_plant.ops	normal_cpu	16	10.0	0.1	false	false	48	1	4	68	1	0.5	0.5	25	5	5	ok			4.235458	4.235458	4.235458	3.9676055908203125	RasterCPUBackend	raster_cpu	55344.23319116161	30946.204992913415	47042.59821248738	3094.6204992913426
simple_plant	/Users/rvezy/.julia/artifacts/0fe06e0ad6ecab2e7db5f97aff7d0ee11bb34555/benchmark_scenes/simple_plant.ops	normal_cpu	16	10.0	0.1	false	true	1	1	4	68	1	0.5	0.5	25	5	5	ok			0.194458	0.194458	0.194458	0.09881591796875	RasterCPUBackend	raster_cpu	1476.9894684741787	1061.5861804658164	1255.4410482030519	106.15861804658161
simple_plant	/Users/rvezy/.julia/artifacts/0fe06e0ad6ecab2e7db5f97aff7d0ee11bb34555/benchmark_scenes/simple_plant.ops	normal_cpu	16	10.0	0.1	false	true	12	1	4	68	1	0.5	0.5	25	5	5	ok			0.322584	0.322584	0.322584	0.3515167236328125	RasterCPUBackend	raster_cpu	13473.239504125791	7547.355561502848	11452.253578506925	754.7355561502845
simple_plant	/Users/rvezy/.julia/artifacts/0fe06e0ad6ecab2e7db5f97aff7d0ee11bb34555/benchmark_scenes/simple_plant.ops	normal_cpu	16	10.0	0.1	false	true	24	1	4	68	1	0.5	0.5	25	5	5	ok			0.449583	0.449583	0.449583	0.6271514892578125	RasterCPUBackend	raster_cpu	27428.998896083238	15352.02143426443	23314.649061670745	1535.2021434264425
simple_plant	/Users/rvezy/.julia/artifacts/0fe06e0ad6ecab2e7db5f97aff7d0ee11bb34555/benchmark_scenes/simple_plant.ops	normal_cpu	16	10.0	0.1	false	true	48	1	4	68	1	0.5	0.5	25	5	5	ok			0.705917	0.705917	0.705917	1.1784210205078125	RasterCPUBackend	raster_cpu	55344.23319116161	30946.204992913415	47042.59821248738	3094.6204992913426
simple_plant	/Users/rvezy/.julia/artifacts/0fe06e0ad6ecab2e7db5f97aff7d0ee11bb34555/benchmark_scenes/simple_plant.ops	normal_cpu	16	10.0	0.1	true	false	1	1	4	68	1	0.5	0.5	25	5	5	ok			0.232	0.232	0.232	0.101470947265625	RasterCPUBackend	raster_cpu	1486.037800710201	1076.5904569581776	1263.132130603671	107.65904569581774
simple_plant	/Users/rvezy/.julia/artifacts/0fe06e0ad6ecab2e7db5f97aff7d0ee11bb34555/benchmark_scenes/simple_plant.ops	normal_cpu	16	10.0	0.1	true	false	12	1	4	68	1	0.5	0.5	25	5	5	ok			1.202375	1.202375	1.202375	0.89312744140625	RasterCPUBackend	raster_cpu	13750.992985593184	7916.570445032664	11688.344037754208	791.6570445032662
simple_plant	/Users/rvezy/.julia/artifacts/0fe06e0ad6ecab2e7db5f97aff7d0ee11bb34555/benchmark_scenes/simple_plant.ops	normal_cpu	16	10.0	0.1	true	false	24	1	4	68	1	0.5	0.5	25	5	5	ok			2.257375	2.257375	2.257375	1.7567138671875	RasterCPUBackend	raster_cpu	27998.953140132875	16103.351902266453	23799.11016911294	1610.3351902266447
simple_plant	/Users/rvezy/.julia/artifacts/0fe06e0ad6ecab2e7db5f97aff7d0ee11bb34555/benchmark_scenes/simple_plant.ops	normal_cpu	16	10.0	0.1	true	false	48	1	4	68	1	0.5	0.5	25	5	5	ok			4.435459	4.435459	4.435459	3.48388671875	RasterCPUBackend	raster_cpu	56504.04468856664	32473.34138963085	48028.43798528166	3247.3341389630823
simple_plant	/Users/rvezy/.julia/artifacts/0fe06e0ad6ecab2e7db5f97aff7d0ee11bb34555/benchmark_scenes/simple_plant.ops	normal_cpu	16	10.0	0.1	true	true	1	1	4	68	1	0.5	0.5	25	5	5	ok			0.2425	0.2425	0.2425	0.1255035400390625	RasterCPUBackend	raster_cpu	1486.7325133721415	1076.8563012992313	1263.7226363663203	107.68563012992308
simple_plant	/Users/rvezy/.julia/artifacts/0fe06e0ad6ecab2e7db5f97aff7d0ee11bb34555/benchmark_scenes/simple_plant.ops	normal_cpu	16	10.0	0.1	true	true	12	1	4	68	1	0.5	0.5	25	5	5	ok			0.411542	0.411542	0.411542	0.498046875	RasterCPUBackend	raster_cpu	13753.079138213416	7918.854217668473	11690.117267481402	791.885421766847
simple_plant	/Users/rvezy/.julia/artifacts/0fe06e0ad6ecab2e7db5f97aff7d0ee11bb34555/benchmark_scenes/simple_plant.ops	normal_cpu	16	10.0	0.1	true	true	24	1	4	68	1	0.5	0.5	25	5	5	ok			0.627375	0.627375	0.627375	0.9044189453125	RasterCPUBackend	raster_cpu	28002.960110878674	16109.544894334424	23802.51609424687	1610.9544894334424
simple_plant	/Users/rvezy/.julia/artifacts/0fe06e0ad6ecab2e7db5f97aff7d0ee11bb34555/benchmark_scenes/simple_plant.ops	normal_cpu	16	10.0	0.1	true	true	48	1	4	68	1	0.5	0.5	25	5	5	ok			0.9735	0.9735	0.9735	1.7171630859375	RasterCPUBackend	raster_cpu	56512.239128777765	32484.057222841202	48035.403259461105	3248.4057222841207
simple_plant	/Users/rvezy/.julia/artifacts/0fe06e0ad6ecab2e7db5f97aff7d0ee11bb34555/benchmark_scenes/simple_plant.ops	normal_cpu	46	0.1	0.001	false	false	1	1	4	68	1	0.5	0.5	250000	500	500	ok			14.177209	14.177209	14.177209	265.77613830566406	RasterCPUBackend	raster_cpu	2805.3382987189725	2016.3369022042616	2384.537553911127	201.6336902204261
simple_plant	/Users/rvezy/.julia/artifacts/0fe06e0ad6ecab2e7db5f97aff7d0ee11bb34555/benchmark_scenes/simple_plant.ops	normal_cpu	46	0.1	0.001	false	false	12	1	4	68	1	0.5	0.5	250000	500	500	ok			114.579167	114.579167	114.579167	3188.5355529785156	RasterCPUBackend	raster_cpu	35854.72156886147	20356.777301350434	30476.51333353224	2035.6777301350432
simple_plant	/Users/rvezy/.julia/artifacts/0fe06e0ad6ecab2e7db5f97aff7d0ee11bb34555/benchmark_scenes/simple_plant.ops	normal_cpu	46	0.1	0.001	false	false	24	1	4	68	1	0.5	0.5	250000	500	500	ok			181.100709	181.100709	181.100709	6377.040496826172	RasterCPUBackend	raster_cpu	71717.29749604357	40636.985451688925	60959.702871637026	4063.698545168891
simple_plant	/Users/rvezy/.julia/artifacts/0fe06e0ad6ecab2e7db5f97aff7d0ee11bb34555/benchmark_scenes/simple_plant.ops	normal_cpu	46	0.1	0.001	false	false	48	1	4	68	1	0.5	0.5	250000	500	500	ok			375.249791	375.249791	375.249791	12754.050384521484	RasterCPUBackend	raster_cpu	143665.7540676703	81347.39285926614	122115.8909575197	8134.73928592661
simple_plant	/Users/rvezy/.julia/artifacts/0fe06e0ad6ecab2e7db5f97aff7d0ee11bb34555/benchmark_scenes/simple_plant.ops	normal_cpu	46	0.1	0.001	false	true	1	1	4	68	1	0.5	0.5	250000	500	500	ok			6.349	6.349	6.349	265.73838806152344	RasterCPUBackend	raster_cpu	2805.3382987189725	2016.3369022042616	2384.537553911127	201.6336902204261
simple_plant	/Users/rvezy/.julia/artifacts/0fe06e0ad6ecab2e7db5f97aff7d0ee11bb34555/benchmark_scenes/simple_plant.ops	normal_cpu	46	0.1	0.001	false	true	12	1	4	68	1	0.5	0.5	250000	500	500	ok			6.631583	6.631583	6.631583	266.2364807128906	RasterCPUBackend	raster_cpu	35854.72156886147	20356.777301350434	30476.51333353224	2035.6777301350432
simple_plant	/Users/rvezy/.julia/artifacts/0fe06e0ad6ecab2e7db5f97aff7d0ee11bb34555/benchmark_scenes/simple_plant.ops	normal_cpu	46	0.1	0.001	false	true	24	1	4	68	1	0.5	0.5	250000	500	500	ok			6.950167	6.950167	6.950167	266.7798156738281	RasterCPUBackend	raster_cpu	71717.29749604357	40636.985451688925	60959.702871637026	4063.698545168891
simple_plant	/Users/rvezy/.julia/artifacts/0fe06e0ad6ecab2e7db5f97aff7d0ee11bb34555/benchmark_scenes/simple_plant.ops	normal_cpu	46	0.1	0.001	false	true	48	1	4	68	1	0.5	0.5	250000	500	500	ok			7.6235	7.6235	7.6235	267.8664855957031	RasterCPUBackend	raster_cpu	143665.7540676703	81347.39285926614	122115.8909575197	8134.73928592661
simple_plant	/Users/rvezy/.julia/artifacts/0fe06e0ad6ecab2e7db5f97aff7d0ee11bb34555/benchmark_scenes/simple_plant.ops	normal_cpu	46	0.1	0.001	true	false	1	1	4	68	1	0.5	0.5	250000	500	500	ok			107.576542	107.576542	107.576542	155.04635620117188	RasterCPUBackend	raster_cpu	2880.459765644867	2130.0086888306664	2448.3908007981368	213.00086888306657
simple_plant	/Users/rvezy/.julia/artifacts/0fe06e0ad6ecab2e7db5f97aff7d0ee11bb34555/benchmark_scenes/simple_plant.ops	normal_cpu	46	0.1	0.001	true	false	12	1	4	68	1	0.5	0.5	250000	500	500	ok			1299.223708	1299.223708	1299.223708	1860.2315826416016	RasterCPUBackend	raster_cpu	36992.96121901812	21767.623751541356	31444.0170361654	2176.762375154135
simple_plant	/Users/rvezy/.julia/artifacts/0fe06e0ad6ecab2e7db5f97aff7d0ee11bb34555/benchmark_scenes/simple_plant.ops	normal_cpu	46	0.1	0.001	true	false	24	1	4	68	1	0.5	0.5	250000	500	500	ok			2606.195125	2606.195125	2606.195125	3720.433609008789	RasterCPUBackend	raster_cpu	73980.6676613274	43424.23518621028	62883.56751212829	4342.423518621027
simple_plant	/Users/rvezy/.julia/artifacts/0fe06e0ad6ecab2e7db5f97aff7d0ee11bb34555/benchmark_scenes/simple_plant.ops	normal_cpu	46	0.1	0.001	true	false	48	1	4	68	1	0.5	0.5	250000	500	500	ok			5238.824	5238.824	5238.824	7440.837661743164	RasterCPUBackend	raster_cpu	148197.45064907192	86917.50788667004	125967.83305171106	8691.750788667003
simple_plant	/Users/rvezy/.julia/artifacts/0fe06e0ad6ecab2e7db5f97aff7d0ee11bb34555/benchmark_scenes/simple_plant.ops	normal_cpu	46	0.1	0.001	true	true	1	1	4	68	1	0.5	0.5	250000	500	500	ok			109.405	109.405	109.405	155.1200408935547	RasterCPUBackend	raster_cpu	2880.459765644867	2130.378390294575	2448.3908007981368	213.03783902945744
simple_plant	/Users/rvezy/.julia/artifacts/0fe06e0ad6ecab2e7db5f97aff7d0ee11bb34555/benchmark_scenes/simple_plant.ops	normal_cpu	46	0.1	0.001	true	true	12	1	4	68	1	0.5	0.5	250000	500	500	ok			109.697	109.697	109.697	155.93368530273438	RasterCPUBackend	raster_cpu	36992.96121901812	21771.43091947306	31444.0170361654	2177.143091947306
simple_plant	/Users/rvezy/.julia/artifacts/0fe06e0ad6ecab2e7db5f97aff7d0ee11bb34555/benchmark_scenes/simple_plant.ops	normal_cpu	46	0.1	0.001	true	true	24	1	4	68	1	0.5	0.5	250000	500	500	ok			105.8695	105.8695	105.8695	156.82125854492188	RasterCPUBackend	raster_cpu	73980.6676613274	43434.07463398898	62883.56751212829	4343.4074633988985
simple_plant	/Users/rvezy/.julia/artifacts/0fe06e0ad6ecab2e7db5f97aff7d0ee11bb34555/benchmark_scenes/simple_plant.ops	normal_cpu	46	0.1	0.001	true	true	48	1	4	68	1	0.5	0.5	250000	500	500	ok			107.219333	107.219333	107.219333	158.59640502929688	RasterCPUBackend	raster_cpu	148197.45064907192	86936.90464281518	125967.83305171106	8693.690464281515
simple_plant	/Users/rvezy/.julia/artifacts/0fe06e0ad6ecab2e7db5f97aff7d0ee11bb34555/benchmark_scenes/simple_plant.ops	normal_cpu	46	0.5	0.005	false	false	1	1	4	68	1	0.5	0.5	10000	100	100	ok			1.111334	1.111334	1.111334	11.040771484375	RasterCPUBackend	raster_cpu	2807.900412526542	2018.1784215034515	2386.7153506475606	201.81784215034514
simple_plant	/Users/rvezy/.julia/artifacts/0fe06e0ad6ecab2e7db5f97aff7d0ee11bb34555/benchmark_scenes/simple_plant.ops	normal_cpu	46	0.5	0.005	false	false	12	1	4	68	1	0.5	0.5	10000	100	100	ok			10.543833	10.543833	10.543833	132.15298461914062	RasterCPUBackend	raster_cpu	35877.75908151624	20374.731878424427	30496.0952192888	2037.4731878424423
simple_plant	/Users/rvezy/.julia/artifacts/0fe06e0ad6ecab2e7db5f97aff7d0ee11bb34555/benchmark_scenes/simple_plant.ops	normal_cpu	46	0.5	0.005	false	false	24	1	4	68	1	0.5	0.5	10000	100	100	ok			21.491709	21.491709	21.491709	264.2753601074219	RasterCPUBackend	raster_cpu	71775.34013877709	40680.31234497198	61009.03911796053	4068.031234497197
simple_plant	/Users/rvezy/.julia/artifacts/0fe06e0ad6ecab2e7db5f97aff7d0ee11bb34555/benchmark_scenes/simple_plant.ops	normal_cpu	46	0.5	0.005	false	false	48	1	4	68	1	0.5	0.5	10000	100	100	ok			38.426167	38.426167	38.426167	528.5201110839844	RasterCPUBackend	raster_cpu	143787.76788442384	81437.1282181478	122219.60270176029	8143.712821814779
simple_plant	/Users/rvezy/.julia/artifacts/0fe06e0ad6ecab2e7db5f97aff7d0ee11bb34555/benchmark_scenes/simple_plant.ops	normal_cpu	46	0.5	0.005	false	true	1	1	4	68	1	0.5	0.5	10000	100	100	ok			0.920584	0.920584	0.920584	11.039840698242188	RasterCPUBackend	raster_cpu	2807.900412526542	2018.1784215034515	2386.7153506475606	201.81784215034514
simple_plant	/Users/rvezy/.julia/artifacts/0fe06e0ad6ecab2e7db5f97aff7d0ee11bb34555/benchmark_scenes/simple_plant.ops	normal_cpu	46	0.5	0.005	false	true	12	1	4	68	1	0.5	0.5	10000	100	100	ok			1.212209	1.212209	1.212209	11.537933349609375	RasterCPUBackend	raster_cpu	35877.75908151624	20374.731878424427	30496.0952192888	2037.4731878424423
simple_plant	/Users/rvezy/.julia/artifacts/0fe06e0ad6ecab2e7db5f97aff7d0ee11bb34555/benchmark_scenes/simple_plant.ops	normal_cpu	46	0.5	0.005	false	true	24	1	4	68	1	0.5	0.5	10000	100	100	ok			1.551417	1.551417	1.551417	12.081268310546875	RasterCPUBackend	raster_cpu	71775.34013877709	40680.31234497198	61009.03911796053	4068.031234497197
simple_plant	/Users/rvezy/.julia/artifacts/0fe06e0ad6ecab2e7db5f97aff7d0ee11bb34555/benchmark_scenes/simple_plant.ops	normal_cpu	46	0.5	0.005	false	true	48	1	4	68	1	0.5	0.5	10000	100	100	ok			2.167	2.167	2.167	13.167938232421875	RasterCPUBackend	raster_cpu	143787.76788442384	81437.1282181478	122219.60270176029	8143.712821814779
simple_plant	/Users/rvezy/.julia/artifacts/0fe06e0ad6ecab2e7db5f97aff7d0ee11bb34555/benchmark_scenes/simple_plant.ops	normal_cpu	46	0.5	0.005	true	false	1	1	4	68	1	0.5	0.5	10000	100	100	ok			5.241542	5.241542	5.241542	6.4388275146484375	RasterCPUBackend	raster_cpu	2883.6192800484705	2132.7381735753684	2451.0763880411996	213.27381735753676
simple_plant	/Users/rvezy/.julia/artifacts/0fe06e0ad6ecab2e7db5f97aff7d0ee11bb34555/benchmark_scenes/simple_plant.ops	normal_cpu	46	0.5	0.005	true	false	12	1	4	68	1	0.5	0.5	10000	100	100	ok			61.629834	61.629834	61.629834	76.94123840332031	RasterCPUBackend	raster_cpu	37023.21860229593	21795.10264801851	31469.73581195154	2179.51026480185
simple_plant	/Users/rvezy/.julia/artifacts/0fe06e0ad6ecab2e7db5f97aff7d0ee11bb34555/benchmark_scenes/simple_plant.ops	normal_cpu	46	0.5	0.005	true	false	24	1	4	68	1	0.5	0.5	10000	100	100	ok			118.917584	118.917584	118.917584	153.85292053222656	RasterCPUBackend	raster_cpu	74054.21641693563	43488.22973300826	62946.08395439527	4348.822973300826
simple_plant	/Users/rvezy/.julia/artifacts/0fe06e0ad6ecab2e7db5f97aff7d0ee11bb34555/benchmark_scenes/simple_plant.ops	normal_cpu	46	0.5	0.005	true	false	48	1	4	68	1	0.5	0.5	10000	100	100	ok			231.747667	231.747667	231.747667	307.67628479003906	RasterCPUBackend	raster_cpu	148351.1162553847	87049.42506126605	126098.44881707698	8704.942506126603
simple_plant	/Users/rvezy/.julia/artifacts/0fe06e0ad6ecab2e7db5f97aff7d0ee11bb34555/benchmark_scenes/simple_plant.ops	normal_cpu	46	0.5	0.005	true	true	1	1	4	68	1	0.5	0.5	10000	100	100	ok			5.288541	5.288541	5.288541	6.51251220703125	RasterCPUBackend	raster_cpu	2883.6192800484705	2133.085546407826	2451.0763880411996	213.30855464078257
simple_plant	/Users/rvezy/.julia/artifacts/0fe06e0ad6ecab2e7db5f97aff7d0ee11bb34555/benchmark_scenes/simple_plant.ops	normal_cpu	46	0.5	0.005	true	true	12	1	4	68	1	0.5	0.5	10000	100	100	ok			5.7	5.7	5.7	7.3261566162109375	RasterCPUBackend	raster_cpu	37023.21860229593	21798.747427029404	31469.73581195154	2179.8747427029402
simple_plant	/Users/rvezy/.julia/artifacts/0fe06e0ad6ecab2e7db5f97aff7d0ee11bb34555/benchmark_scenes/simple_plant.ops	normal_cpu	46	0.5	0.005	true	true	24	1	4	68	1	0.5	0.5	10000	100	100	ok			6.097042	6.097042	6.097042	8.213729858398438	RasterCPUBackend	raster_cpu	74054.21641693563	43497.753079304275	62946.08395439527	4349.775307930426
simple_plant	/Users/rvezy/.julia/artifacts/0fe06e0ad6ecab2e7db5f97aff7d0ee11bb34555/benchmark_scenes/simple_plant.ops	normal_cpu	46	0.5	0.005	true	true	48	1	4	68	1	0.5	0.5	10000	100	100	ok			7.066209	7.066209	7.066209	9.988876342773438	RasterCPUBackend	raster_cpu	148351.1162553847	87068.19193034979	126098.44881707698	8706.819193034979
simple_plant	/Users/rvezy/.julia/artifacts/0fe06e0ad6ecab2e7db5f97aff7d0ee11bb34555/benchmark_scenes/simple_plant.ops	normal_cpu	46	1.0	0.01	false	false	1	1	4	68	1	0.5	0.5	2500	50	50	ok			0.718042	0.718042	0.718042	2.913848876953125	RasterCPUBackend	raster_cpu	2828.239086578839	2032.7968434785407	2404.003223592013	203.27968434785402
simple_plant	/Users/rvezy/.julia/artifacts/0fe06e0ad6ecab2e7db5f97aff7d0ee11bb34555/benchmark_scenes/simple_plant.ops	normal_cpu	46	1.0	0.01	false	false	12	1	4	68	1	0.5	0.5	2500	50	50	ok			7.079292	7.079292	7.079292	34.629913330078125	RasterCPUBackend	raster_cpu	36010.98237209174	20482.20684754265	30609.335016277983	2048.2206847542643
simple_plant	/Users/rvezy/.julia/artifacts/0fe06e0ad6ecab2e7db5f97aff7d0ee11bb34555/benchmark_scenes/simple_plant.ops	normal_cpu	46	1.0	0.01	false	false	24	1	4	68	1	0.5	0.5	2500	50	50	ok			12.223333	12.223333	12.223333	69.22921752929688	RasterCPUBackend	raster_cpu	72025.23254214918	40876.43761762231	61221.44766082681	4087.64376176223
simple_plant	/Users/rvezy/.julia/artifacts/0fe06e0ad6ecab2e7db5f97aff7d0ee11bb34555/benchmark_scenes/simple_plant.ops	normal_cpu	46	1.0	0.01	false	false	48	1	4	68	1	0.5	0.5	2500	50	50	ok			24.305666	24.305666	24.305666	138.42782592773438	RasterCPUBackend	raster_cpu	144285.12331808885	81819.98031754934	122642.35482037552	8181.998031754937
simple_plant	/Users/rvezy/.julia/artifacts/0fe06e0ad6ecab2e7db5f97aff7d0ee11bb34555/benchmark_scenes/simple_plant.ops	normal_cpu	46	1.0	0.01	false	true	1	1	4	68	1	0.5	0.5	2500	50	50	ok			0.760208	0.760208	0.760208	2.9129180908203125	RasterCPUBackend	raster_cpu	2828.239086578839	2032.7968434785407	2404.003223592013	203.27968434785402
simple_plant	/Users/rvezy/.julia/artifacts/0fe06e0ad6ecab2e7db5f97aff7d0ee11bb34555/benchmark_scenes/simple_plant.ops	normal_cpu	46	1.0	0.01	false	true	12	1	4	68	1	0.5	0.5	2500	50	50	ok			0.925666	0.925666	0.925666	3.4110107421875	RasterCPUBackend	raster_cpu	36010.98237209174	20482.20684754265	30609.335016277983	2048.2206847542643
simple_plant	/Users/rvezy/.julia/artifacts/0fe06e0ad6ecab2e7db5f97aff7d0ee11bb34555/benchmark_scenes/simple_plant.ops	normal_cpu	46	1.0	0.01	false	true	24	1	4	68	1	0.5	0.5	2500	50	50	ok			1.241667	1.241667	1.241667	3.954345703125	RasterCPUBackend	raster_cpu	72025.23254214918	40876.43761762231	61221.44766082681	4087.64376176223
simple_plant	/Users/rvezy/.julia/artifacts/0fe06e0ad6ecab2e7db5f97aff7d0ee11bb34555/benchmark_scenes/simple_plant.ops	normal_cpu	46	1.0	0.01	false	true	48	1	4	68	1	0.5	0.5	2500	50	50	ok			1.86925	1.86925	1.86925	5.041015625	RasterCPUBackend	raster_cpu	144285.12331808885	81819.98031754934	122642.35482037552	8181.998031754937
simple_plant	/Users/rvezy/.julia/artifacts/0fe06e0ad6ecab2e7db5f97aff7d0ee11bb34555/benchmark_scenes/simple_plant.ops	normal_cpu	46	1.0	0.01	true	false	1	1	4	68	1	0.5	0.5	2500	50	50	ok			1.758375	1.758375	1.758375	1.7587432861328125	RasterCPUBackend	raster_cpu	2904.9757221779037	2148.9523066100924	2469.2293638512183	214.89523066100918
simple_plant	/Users/rvezy/.julia/artifacts/0fe06e0ad6ecab2e7db5f97aff7d0ee11bb34555/benchmark_scenes/simple_plant.ops	normal_cpu	46	1.0	0.01	true	false	12	1	4	68	1	0.5	0.5	2500	50	50	ok			20.07775	20.07775	20.07775	20.780227661132812	RasterCPUBackend	raster_cpu	37154.51099455477	21904.66532456065	31581.33434537156	2190.4665324560647
simple_plant	/Users/rvezy/.julia/artifacts/0fe06e0ad6ecab2e7db5f97aff7d0ee11bb34555/benchmark_scenes/simple_plant.ops	normal_cpu	46	1.0	0.01	true	false	24	1	4	68	1	0.5	0.5	2500	50	50	ok			37.703833	37.703833	37.703833	41.53089904785156	RasterCPUBackend	raster_cpu	74300.04280154081	43686.99969638653	63155.036381309685	4368.699969638652
simple_plant	/Users/rvezy/.julia/artifacts/0fe06e0ad6ecab2e7db5f97aff7d0ee11bb34555/benchmark_scenes/simple_plant.ops	normal_cpu	46	1.0	0.01	true	false	48	1	4	68	1	0.5	0.5	2500	50	50	ok			76.892	76.892	76.892	83.03224182128906	RasterCPUBackend	raster_cpu	148840.64624776773	87436.6661278891	126514.54931060252	8743.66661278891
simple_plant	/Users/rvezy/.julia/artifacts/0fe06e0ad6ecab2e7db5f97aff7d0ee11bb34555/benchmark_scenes/simple_plant.ops	normal_cpu	46	1.0	0.01	true	true	1	1	4	68	1	0.5	0.5	2500	50	50	ok			1.804667	1.804667	1.804667	1.832427978515625	RasterCPUBackend	raster_cpu	2904.975722177904	2149.284727937533	2469.2293638512183	214.92847279375326
simple_plant	/Users/rvezy/.julia/artifacts/0fe06e0ad6ecab2e7db5f97aff7d0ee11bb34555/benchmark_scenes/simple_plant.ops	normal_cpu	46	1.0	0.01	true	true	12	1	4	68	1	0.5	0.5	2500	50	50	ok			2.224541	2.224541	2.224541	2.6460723876953125	RasterCPUBackend	raster_cpu	37154.51099455477	21908.18972430598	31581.33434537156	2190.8189724305976
simple_plant	/Users/rvezy/.julia/artifacts/0fe06e0ad6ecab2e7db5f97aff7d0ee11bb34555/benchmark_scenes/simple_plant.ops	normal_cpu	46	1.0	0.01	true	true	24	1	4	68	1	0.5	0.5	2500	50	50	ok			2.688459	2.688459	2.688459	3.5336456298828125	RasterCPUBackend	raster_cpu	74300.04280154081	43696.30555679581	63155.036381309685	4369.63055567958
simple_plant	/Users/rvezy/.julia/artifacts/0fe06e0ad6ecab2e7db5f97aff7d0ee11bb34555/benchmark_scenes/simple_plant.ops	normal_cpu	46	1.0	0.01	true	true	48	1	4	68	1	0.5	0.5	2500	50	50	ok			3.639167	3.639167	3.639167	5.3087921142578125	RasterCPUBackend	raster_cpu	148840.64624776773	87454.99157587136	126514.54931060252	8745.499157587134
simple_plant	/Users/rvezy/.julia/artifacts/0fe06e0ad6ecab2e7db5f97aff7d0ee11bb34555/benchmark_scenes/simple_plant.ops	normal_cpu	46	10.0	0.1	false	false	1	1	4	68	1	0.5	0.5	25	5	5	ok			0.373334	0.373334	0.373334	0.209014892578125	RasterCPUBackend	raster_cpu	616.9725629447232	443.44902961651985	524.4266785030147	44.34490296165197
simple_plant	/Users/rvezy/.julia/artifacts/0fe06e0ad6ecab2e7db5f97aff7d0ee11bb34555/benchmark_scenes/simple_plant.ops	normal_cpu	46	10.0	0.1	false	false	12	1	4	68	1	0.5	0.5	25	5	5	ok			2.814875	2.814875	2.814875	2.1720733642578125	RasterCPUBackend	raster_cpu	10582.61820841564	5906.266808957843	8995.225477153293	590.6266808957839
simple_plant	/Users/rvezy/.julia/artifacts/0fe06e0ad6ecab2e7db5f97aff7d0ee11bb34555/benchmark_scenes/simple_plant.ops	normal_cpu	46	10.0	0.1	false	false	24	1	4	68	1	0.5	0.5	25	5	5	ok			5.430375	5.430375	5.430375	4.3135528564453125	RasterCPUBackend	raster_cpu	21294.606567420033	11809.209323170551	18100.415582307036	1180.920932317055
simple_plant	/Users/rvezy/.julia/artifacts/0fe06e0ad6ecab2e7db5f97aff7d0ee11bb34555/benchmark_scenes/simple_plant.ops	normal_cpu	46	10.0	0.1	false	false	48	1	4	68	1	0.5	0.5	25	5	5	ok			11.123125	11.123125	11.123125	8.596511840820312	RasterCPUBackend	raster_cpu	42681.60033580049	23602.74081843	36279.3602854304	2360.2740818429993
simple_plant	/Users/rvezy/.julia/artifacts/0fe06e0ad6ecab2e7db5f97aff7d0ee11bb34555/benchmark_scenes/simple_plant.ops	normal_cpu	46	10.0	0.1	false	true	1	1	4	68	1	0.5	0.5	25	5	5	ok			0.35275	0.35275	0.35275	0.20318603515625	RasterCPUBackend	raster_cpu	616.9725629447232	443.44902961651985	524.4266785030147	44.34490296165197
simple_plant	/Users/rvezy/.julia/artifacts/0fe06e0ad6ecab2e7db5f97aff7d0ee11bb34555/benchmark_scenes/simple_plant.ops	normal_cpu	46	10.0	0.1	false	true	12	1	4	68	1	0.5	0.5	25	5	5	ok			0.636666	0.636666	0.636666	0.7012786865234375	RasterCPUBackend	raster_cpu	10582.61820841564	5906.266808957843	8995.225477153293	590.6266808957839
simple_plant	/Users/rvezy/.julia/artifacts/0fe06e0ad6ecab2e7db5f97aff7d0ee11bb34555/benchmark_scenes/simple_plant.ops	normal_cpu	46	10.0	0.1	false	true	24	1	4	68	1	0.5	0.5	25	5	5	ok			0.951916	0.951916	0.951916	1.2446136474609375	RasterCPUBackend	raster_cpu	21294.606567420033	11809.209323170551	18100.415582307036	1180.920932317055
simple_plant	/Users/rvezy/.julia/artifacts/0fe06e0ad6ecab2e7db5f97aff7d0ee11bb34555/benchmark_scenes/simple_plant.ops	normal_cpu	46	10.0	0.1	false	true	48	1	4	68	1	0.5	0.5	25	5	5	ok			1.67225	1.67225	1.67225	2.3312835693359375	RasterCPUBackend	raster_cpu	42681.60033580049	23602.74081843	36279.3602854304	2360.2740818429993
simple_plant	/Users/rvezy/.julia/artifacts/0fe06e0ad6ecab2e7db5f97aff7d0ee11bb34555/benchmark_scenes/simple_plant.ops	normal_cpu	46	10.0	0.1	true	false	1	1	4	68	1	0.5	0.5	25	5	5	ok			0.399625	0.399625	0.399625	0.193359375	RasterCPUBackend	raster_cpu	637.0934705310094	473.8380266962722	541.529449951358	47.383802669627215
simple_plant	/Users/rvezy/.julia/artifacts/0fe06e0ad6ecab2e7db5f97aff7d0ee11bb34555/benchmark_scenes/simple_plant.ops	normal_cpu	46	10.0	0.1	true	false	12	1	4	68	1	0.5	0.5	25	5	5	ok			3.10175	3.10175	3.10175	1.99578857421875	RasterCPUBackend	raster_cpu	10994.573348997967	6424.415705006307	9345.387346648273	642.4415705006306
simple_plant	/Users/rvezy/.julia/artifacts/0fe06e0ad6ecab2e7db5f97aff7d0ee11bb34555/benchmark_scenes/simple_plant.ops	normal_cpu	46	10.0	0.1	true	false	24	1	4	68	1	0.5	0.5	25	5	5	ok			6.39525	6.39525	6.39525	3.9620361328125	RasterCPUBackend	raster_cpu	22096.76829299654	12797.565937918027	18782.25304904706	1279.756593791802
simple_plant	/Users/rvezy/.julia/artifacts/0fe06e0ad6ecab2e7db5f97aff7d0ee11bb34555/benchmark_scenes/simple_plant.ops	normal_cpu	46	10.0	0.1	true	false	48	1	4	68	1	0.5	0.5	25	5	5	ok			12.429959	12.429959	12.429959	7.89453125	RasterCPUBackend	raster_cpu	44280.87355297781	25561.91525344337	37638.74252003114	2556.1915253443367
simple_plant	/Users/rvezy/.julia/artifacts/0fe06e0ad6ecab2e7db5f97aff7d0ee11bb34555/benchmark_scenes/simple_plant.ops	normal_cpu	46	10.0	0.1	true	true	1	1	4	68	1	0.5	0.5	25	5	5	ok			0.444708	0.444708	0.444708	0.2621307373046875	RasterCPUBackend	raster_cpu	637.0934705310094	474.0781206173629	541.529449951358	47.40781206173628
simple_plant	/Users/rvezy/.julia/artifacts/0fe06e0ad6ecab2e7db5f97aff7d0ee11bb34555/benchmark_scenes/simple_plant.ops	normal_cpu	46	10.0	0.1	true	true	12	1	4	68	1	0.5	0.5	25	5	5	ok			0.862041	0.862041	0.862041	1.075775146484375	RasterCPUBackend	raster_cpu	10994.573348997967	6426.138642636274	9345.387346648273	642.6138642636274
simple_plant	/Users/rvezy/.julia/artifacts/0fe06e0ad6ecab2e7db5f97aff7d0ee11bb34555/benchmark_scenes/simple_plant.ops	normal_cpu	46	10.0	0.1	true	true	24	1	4	68	1	0.5	0.5	25	5	5	ok			1.326292	1.326292	1.326292	1.963348388671875	RasterCPUBackend	raster_cpu	22096.76829299654	12802.49019224524	18782.25304904706	1280.2490192245239
simple_plant	/Users/rvezy/.julia/artifacts/0fe06e0ad6ecab2e7db5f97aff7d0ee11bb34555/benchmark_scenes/simple_plant.ops	normal_cpu	46	10.0	0.1	true	true	48	1	4	68	1	0.5	0.5	25	5	5	ok			2.250542	2.250542	2.250542	3.738494873046875	RasterCPUBackend	raster_cpu	44280.87355297781	25571.258139096775	37638.74252003114	2557.1258139096785
simple_plant	/Users/rvezy/.julia/artifacts/0fe06e0ad6ecab2e7db5f97aff7d0ee11bb34555/benchmark_scenes/simple_plant.ops	normal_cpu	136	0.1	0.001	false	false	1	1	4	68	1	0.5	0.5	250000	500	500	ok			40.4725	40.4725	40.4725	786.0338897705078	RasterCPUBackend	raster_cpu	2763.917938429122	1986.56601824593	2349.330247664754	198.65660182459297
simple_plant	/Users/rvezy/.julia/artifacts/0fe06e0ad6ecab2e7db5f97aff7d0ee11bb34555/benchmark_scenes/simple_plant.ops	normal_cpu	136	0.1	0.001	false	false	12	1	4	68	1	0.5	0.5	250000	500	500	skipped_huge_case		skipped by ARCHIMEDLIGHT_ARTIFACT_BENCH_SKIP_HUGE_CASES: scattering=false, cache_radiation=false, directions=136, simulated_hours=6.0	NaN	NaN	NaN	NaN		none	NaN	NaN	NaN	NaN
simple_plant	/Users/rvezy/.julia/artifacts/0fe06e0ad6ecab2e7db5f97aff7d0ee11bb34555/benchmark_scenes/simple_plant.ops	normal_cpu	136	0.1	0.001	false	false	24	1	4	68	1	0.5	0.5	250000	500	500	skipped_huge_case		skipped by ARCHIMEDLIGHT_ARTIFACT_BENCH_SKIP_HUGE_CASES: scattering=false, cache_radiation=false, directions=136, simulated_hours=12.0	NaN	NaN	NaN	NaN		none	NaN	NaN	NaN	NaN
simple_plant	/Users/rvezy/.julia/artifacts/0fe06e0ad6ecab2e7db5f97aff7d0ee11bb34555/benchmark_scenes/simple_plant.ops	normal_cpu	136	0.1	0.001	false	false	48	1	4	68	1	0.5	0.5	250000	500	500	skipped_huge_case		skipped by ARCHIMEDLIGHT_ARTIFACT_BENCH_SKIP_HUGE_CASES: scattering=false, cache_radiation=false, directions=136, simulated_hours=24.0	NaN	NaN	NaN	NaN		none	NaN	NaN	NaN	NaN
simple_plant	/Users/rvezy/.julia/artifacts/0fe06e0ad6ecab2e7db5f97aff7d0ee11bb34555/benchmark_scenes/simple_plant.ops	normal_cpu	136	0.1	0.001	false	true	1	1	4	68	1	0.5	0.5	250000	500	500	ok			25.693292	25.693292	25.693292	785.9381256103516	RasterCPUBackend	raster_cpu	2763.917938429122	1986.56601824593	2349.330247664754	198.65660182459297
simple_plant	/Users/rvezy/.julia/artifacts/0fe06e0ad6ecab2e7db5f97aff7d0ee11bb34555/benchmark_scenes/simple_plant.ops	normal_cpu	136	0.1	0.001	false	true	12	1	4	68	1	0.5	0.5	250000	500	500	ok			26.58925	26.58925	26.58925	787.2297973632812	RasterCPUBackend	raster_cpu	36608.69748762001	20905.297429423095	31117.392864477006	2090.5297429423085
simple_plant	/Users/rvezy/.julia/artifacts/0fe06e0ad6ecab2e7db5f97aff7d0ee11bb34555/benchmark_scenes/simple_plant.ops	normal_cpu	136	0.1	0.001	false	true	24	1	4	68	1	0.5	0.5	250000	500	500	ok			27.188792	27.188792	27.188792	788.6388549804688	RasterCPUBackend	raster_cpu	72429.90700553228	41139.03015655617	61565.420954702444	4113.9030156556155
simple_plant	/Users/rvezy/.julia/artifacts/0fe06e0ad6ecab2e7db5f97aff7d0ee11bb34555/benchmark_scenes/simple_plant.ops	normal_cpu	136	0.1	0.001	false	true	48	1	4	68	1	0.5	0.5	250000	500	500	ok			29.324542	29.324542	29.324542	791.4569702148438	RasterCPUBackend	raster_cpu	145435.61799165542	82590.01177762687	123620.2752929071	8259.001177762682
simple_plant	/Users/rvezy/.julia/artifacts/0fe06e0ad6ecab2e7db5f97aff7d0ee11bb34555/benchmark_scenes/simple_plant.ops	normal_cpu	136	0.1	0.001	true	false	1	1	4	68	1	0.5	0.5	250000	500	500	ok			427.369166	427.369166	427.369166	533.7850494384766	RasterCPUBackend	raster_cpu	2848.5513192434196	2114.6057132218157	2421.268621356907	211.46057132218152
simple_plant	/Users/rvezy/.julia/artifacts/0fe06e0ad6ecab2e7db5f97aff7d0ee11bb34555/benchmark_scenes/simple_plant.ops	normal_cpu	136	0.1	0.001	true	false	12	1	4	68	1	0.5	0.5	250000	500	500	skipped_huge_case		skipped by ARCHIMEDLIGHT_ARTIFACT_BENCH_SKIP_HUGE_CASES: scattering=true, cache_radiation=false, directions=136, simulated_hours=6.0	NaN	NaN	NaN	NaN		none	NaN	NaN	NaN	NaN
simple_plant	/Users/rvezy/.julia/artifacts/0fe06e0ad6ecab2e7db5f97aff7d0ee11bb34555/benchmark_scenes/simple_plant.ops	normal_cpu	136	0.1	0.001	true	false	24	1	4	68	1	0.5	0.5	250000	500	500	skipped_huge_case		skipped by ARCHIMEDLIGHT_ARTIFACT_BENCH_SKIP_HUGE_CASES: scattering=true, cache_radiation=false, directions=136, simulated_hours=12.0	NaN	NaN	NaN	NaN		none	NaN	NaN	NaN	NaN
simple_plant	/Users/rvezy/.julia/artifacts/0fe06e0ad6ecab2e7db5f97aff7d0ee11bb34555/benchmark_scenes/simple_plant.ops	normal_cpu	136	0.1	0.001	true	false	48	1	4	68	1	0.5	0.5	250000	500	500	skipped_huge_case		skipped by ARCHIMEDLIGHT_ARTIFACT_BENCH_SKIP_HUGE_CASES: scattering=true, cache_radiation=false, directions=136, simulated_hours=24.0	NaN	NaN	NaN	NaN		none	NaN	NaN	NaN	NaN
simple_plant	/Users/rvezy/.julia/artifacts/0fe06e0ad6ecab2e7db5f97aff7d0ee11bb34555/benchmark_scenes/simple_plant.ops	normal_cpu	136	0.1	0.001	true	true	1	1	4	68	1	0.5	0.5	250000	500	500	ok			425.794417	425.794417	425.794417	534.0107727050781	RasterCPUBackend	raster_cpu	2848.5513192434196	2115.103573713035	2421.268621356907	211.51035737130346
simple_plant	/Users/rvezy/.julia/artifacts/0fe06e0ad6ecab2e7db5f97aff7d0ee11bb34555/benchmark_scenes/simple_plant.ops	normal_cpu	136	0.1	0.001	true	true	12	1	4	68	1	0.5	0.5	250000	500	500	skipped_huge_case		skipped by ARCHIMEDLIGHT_ARTIFACT_BENCH_SKIP_HUGE_CASES: scattering=true, cache_radiation=true, directions=136, simulated_hours=6.0	NaN	NaN	NaN	NaN		none	NaN	NaN	NaN	NaN
simple_plant	/Users/rvezy/.julia/artifacts/0fe06e0ad6ecab2e7db5f97aff7d0ee11bb34555/benchmark_scenes/simple_plant.ops	normal_cpu	136	0.1	0.001	true	true	24	1	4	68	1	0.5	0.5	250000	500	500	skipped_huge_case		skipped by ARCHIMEDLIGHT_ARTIFACT_BENCH_SKIP_HUGE_CASES: scattering=true, cache_radiation=true, directions=136, simulated_hours=12.0	NaN	NaN	NaN	NaN		none	NaN	NaN	NaN	NaN
simple_plant	/Users/rvezy/.julia/artifacts/0fe06e0ad6ecab2e7db5f97aff7d0ee11bb34555/benchmark_scenes/simple_plant.ops	normal_cpu	136	0.1	0.001	true	true	48	1	4	68	1	0.5	0.5	250000	500	500	skipped_huge_case		skipped by ARCHIMEDLIGHT_ARTIFACT_BENCH_SKIP_HUGE_CASES: scattering=true, cache_radiation=true, directions=136, simulated_hours=24.0	NaN	NaN	NaN	NaN		none	NaN	NaN	NaN	NaN
simple_plant	/Users/rvezy/.julia/artifacts/0fe06e0ad6ecab2e7db5f97aff7d0ee11bb34555/benchmark_scenes/simple_plant.ops	normal_cpu	136	0.5	0.005	false	false	1	1	4	68	1	0.5	0.5	10000	100	100	ok			2.927209	2.927209	2.927209	32.59918212890625	RasterCPUBackend	raster_cpu	2767.20565899968	1988.929067406021	2352.124810149728	198.89290674060203
simple_plant	/Users/rvezy/.julia/artifacts/0fe06e0ad6ecab2e7db5f97aff7d0ee11bb34555/benchmark_scenes/simple_plant.ops	normal_cpu	136	0.5	0.005	false	false	12	1	4	68	1	0.5	0.5	10000	100	100	skipped_huge_case		skipped by ARCHIMEDLIGHT_ARTIFACT_BENCH_SKIP_HUGE_CASES: scattering=false, cache_radiation=false, directions=136, simulated_hours=6.0	NaN	NaN	NaN	NaN		none	NaN	NaN	NaN	NaN
simple_plant	/Users/rvezy/.julia/artifacts/0fe06e0ad6ecab2e7db5f97aff7d0ee11bb34555/benchmark_scenes/simple_plant.ops	normal_cpu	136	0.5	0.005	false	false	24	1	4	68	1	0.5	0.5	10000	100	100	skipped_huge_case		skipped by ARCHIMEDLIGHT_ARTIFACT_BENCH_SKIP_HUGE_CASES: scattering=false, cache_radiation=false, directions=136, simulated_hours=12.0	NaN	NaN	NaN	NaN		none	NaN	NaN	NaN	NaN
simple_plant	/Users/rvezy/.julia/artifacts/0fe06e0ad6ecab2e7db5f97aff7d0ee11bb34555/benchmark_scenes/simple_plant.ops	normal_cpu	136	0.5	0.005	false	false	48	1	4	68	1	0.5	0.5	10000	100	100	skipped_huge_case		skipped by ARCHIMEDLIGHT_ARTIFACT_BENCH_SKIP_HUGE_CASES: scattering=false, cache_radiation=false, directions=136, simulated_hours=24.0	NaN	NaN	NaN	NaN		none	NaN	NaN	NaN	NaN
simple_plant	/Users/rvezy/.julia/artifacts/0fe06e0ad6ecab2e7db5f97aff7d0ee11bb34555/benchmark_scenes/simple_plant.ops	normal_cpu	136	0.5	0.005	false	true	1	1	4	68	1	0.5	0.5	10000	100	100	ok			2.854833	2.854833	2.854833	32.63090515136719	RasterCPUBackend	raster_cpu	2767.20565899968	1988.929067406021	2352.124810149728	198.89290674060203
simple_plant	/Users/rvezy/.julia/artifacts/0fe06e0ad6ecab2e7db5f97aff7d0ee11bb34555/benchmark_scenes/simple_plant.ops	normal_cpu	136	0.5	0.005	false	true	12	1	4	68	1	0.5	0.5	10000	100	100	ok			3.651917	3.651917	3.651917	33.922576904296875	RasterCPUBackend	raster_cpu	36576.12765720437	20889.564258578965	31089.708508623717	2088.9564258578957
simple_plant	/Users/rvezy/.julia/artifacts/0fe06e0ad6ecab2e7db5f97aff7d0ee11bb34555/benchmark_scenes/simple_plant.ops	normal_cpu	136	0.5	0.005	false	true	24	1	4	68	1	0.5	0.5	10000	100	100	ok			4.541166	4.541166	4.541166	35.331634521484375	RasterCPUBackend	raster_cpu	72378.33389785039	41117.92598542931	61521.58381317284	4111.79259854293
simple_plant	/Users/rvezy/.julia/artifacts/0fe06e0ad6ecab2e7db5f97aff7d0ee11bb34555/benchmark_scenes/simple_plant.ops	normal_cpu	136	0.5	0.005	false	true	48	1	4	68	1	0.5	0.5	10000	100	100	ok			6.454042	6.454042	6.454042	38.149749755859375	RasterCPUBackend	raster_cpu	145334.81925024427	82550.05922708554	123534.59636270764	8255.005922708555
simple_plant	/Users/rvezy/.julia/artifacts/0fe06e0ad6ecab2e7db5f97aff7d0ee11bb34555/benchmark_scenes/simple_plant.ops	normal_cpu	136	0.5	0.005	true	false	1	1	4	68	1	0.5	0.5	10000	100	100	ok			20.13375	20.13375	20.13375	22.04583740234375	RasterCPUBackend	raster_cpu	2852.1410104616825	2117.437157380628	2424.31985889243	211.74371573806275
simple_plant	/Users/rvezy/.julia/artifacts/0fe06e0ad6ecab2e7db5f97aff7d0ee11bb34555/benchmark_scenes/simple_plant.ops	normal_cpu	136	0.5	0.005	true	false	12	1	4	68	1	0.5	0.5	10000	100	100	skipped_huge_case		skipped by ARCHIMEDLIGHT_ARTIFACT_BENCH_SKIP_HUGE_CASES: scattering=true, cache_radiation=false, directions=136, simulated_hours=6.0	NaN	NaN	NaN	NaN		none	NaN	NaN	NaN	NaN
simple_plant	/Users/rvezy/.julia/artifacts/0fe06e0ad6ecab2e7db5f97aff7d0ee11bb34555/benchmark_scenes/simple_plant.ops	normal_cpu	136	0.5	0.005	true	false	24	1	4	68	1	0.5	0.5	10000	100	100	skipped_huge_case		skipped by ARCHIMEDLIGHT_ARTIFACT_BENCH_SKIP_HUGE_CASES: scattering=true, cache_radiation=false, directions=136, simulated_hours=12.0	NaN	NaN	NaN	NaN		none	NaN	NaN	NaN	NaN
simple_plant	/Users/rvezy/.julia/artifacts/0fe06e0ad6ecab2e7db5f97aff7d0ee11bb34555/benchmark_scenes/simple_plant.ops	normal_cpu	136	0.5	0.005	true	false	48	1	4	68	1	0.5	0.5	10000	100	100	skipped_huge_case		skipped by ARCHIMEDLIGHT_ARTIFACT_BENCH_SKIP_HUGE_CASES: scattering=true, cache_radiation=false, directions=136, simulated_hours=24.0	NaN	NaN	NaN	NaN		none	NaN	NaN	NaN	NaN
simple_plant	/Users/rvezy/.julia/artifacts/0fe06e0ad6ecab2e7db5f97aff7d0ee11bb34555/benchmark_scenes/simple_plant.ops	normal_cpu	136	0.5	0.005	true	true	1	1	4	68	1	0.5	0.5	10000	100	100	ok			19.562625	19.562625	19.562625	22.271560668945312	RasterCPUBackend	raster_cpu	2852.1410104616825	2117.9451746881396	2424.31985889243	211.7945174688139
simple_plant	/Users/rvezy/.julia/artifacts/0fe06e0ad6ecab2e7db5f97aff7d0ee11bb34555/benchmark_scenes/simple_plant.ops	normal_cpu	136	0.5	0.005	true	true	12	1	4	68	1	0.5	0.5	10000	100	100	skipped_huge_case		skipped by ARCHIMEDLIGHT_ARTIFACT_BENCH_SKIP_HUGE_CASES: scattering=true, cache_radiation=true, directions=136, simulated_hours=6.0	NaN	NaN	NaN	NaN		none	NaN	NaN	NaN	NaN
simple_plant	/Users/rvezy/.julia/artifacts/0fe06e0ad6ecab2e7db5f97aff7d0ee11bb34555/benchmark_scenes/simple_plant.ops	normal_cpu	136	0.5	0.005	true	true	24	1	4	68	1	0.5	0.5	10000	100	100	skipped_huge_case		skipped by ARCHIMEDLIGHT_ARTIFACT_BENCH_SKIP_HUGE_CASES: scattering=true, cache_radiation=true, directions=136, simulated_hours=12.0	NaN	NaN	NaN	NaN		none	NaN	NaN	NaN	NaN
simple_plant	/Users/rvezy/.julia/artifacts/0fe06e0ad6ecab2e7db5f97aff7d0ee11bb34555/benchmark_scenes/simple_plant.ops	normal_cpu	136	0.5	0.005	true	true	48	1	4	68	1	0.5	0.5	10000	100	100	skipped_huge_case		skipped by ARCHIMEDLIGHT_ARTIFACT_BENCH_SKIP_HUGE_CASES: scattering=true, cache_radiation=true, directions=136, simulated_hours=24.0	NaN	NaN	NaN	NaN		none	NaN	NaN	NaN	NaN
simple_plant	/Users/rvezy/.julia/artifacts/0fe06e0ad6ecab2e7db5f97aff7d0ee11bb34555/benchmark_scenes/simple_plant.ops	normal_cpu	136	1.0	0.01	false	false	1	1	4	68	1	0.5	0.5	2500	50	50	ok			2.158291	2.158291	2.158291	8.55224609375	RasterCPUBackend	raster_cpu	2782.5998715166606	1999.9936576525997	2365.2098907891614	199.9993657652599
simple_plant	/Users/rvezy/.julia/artifacts/0fe06e0ad6ecab2e7db5f97aff7d0ee11bb34555/benchmark_scenes/simple_plant.ops	normal_cpu	136	1.0	0.01	false	false	12	1	4	68	1	0.5	0.5	2500	50	50	skipped_huge_case		skipped by ARCHIMEDLIGHT_ARTIFACT_BENCH_SKIP_HUGE_CASES: scattering=false, cache_radiation=false, directions=136, simulated_hours=6.0	NaN	NaN	NaN	NaN		none	NaN	NaN	NaN	NaN
simple_plant	/Users/rvezy/.julia/artifacts/0fe06e0ad6ecab2e7db5f97aff7d0ee11bb34555/benchmark_scenes/simple_plant.ops	normal_cpu	136	1.0	0.01	false	false	24	1	4	68	1	0.5	0.5	2500	50	50	skipped_huge_case		skipped by ARCHIMEDLIGHT_ARTIFACT_BENCH_SKIP_HUGE_CASES: scattering=false, cache_radiation=false, directions=136, simulated_hours=12.0	NaN	NaN	NaN	NaN		none	NaN	NaN	NaN	NaN
simple_plant	/Users/rvezy/.julia/artifacts/0fe06e0ad6ecab2e7db5f97aff7d0ee11bb34555/benchmark_scenes/simple_plant.ops	normal_cpu	136	1.0	0.01	false	false	48	1	4	68	1	0.5	0.5	2500	50	50	skipped_huge_case		skipped by ARCHIMEDLIGHT_ARTIFACT_BENCH_SKIP_HUGE_CASES: scattering=false, cache_radiation=false, directions=136, simulated_hours=24.0	NaN	NaN	NaN	NaN		none	NaN	NaN	NaN	NaN
simple_plant	/Users/rvezy/.julia/artifacts/0fe06e0ad6ecab2e7db5f97aff7d0ee11bb34555/benchmark_scenes/simple_plant.ops	normal_cpu	136	1.0	0.01	false	true	1	1	4	68	1	0.5	0.5	2500	50	50	ok			1.744667	1.744667	1.744667	8.583969116210938	RasterCPUBackend	raster_cpu	2782.5998715166606	1999.9936576525997	2365.2098907891614	199.9993657652599
simple_plant	/Users/rvezy/.julia/artifacts/0fe06e0ad6ecab2e7db5f97aff7d0ee11bb34555/benchmark_scenes/simple_plant.ops	normal_cpu	136	1.0	0.01	false	true	12	1	4	68	1	0.5	0.5	2500	50	50	ok			2.576833	2.576833	2.576833	9.875640869140625	RasterCPUBackend	raster_cpu	36661.3466876845	20967.977114558103	31162.144684531824	2096.7977114558103
simple_plant	/Users/rvezy/.julia/artifacts/0fe06e0ad6ecab2e7db5f97aff7d0ee11bb34555/benchmark_scenes/simple_plant.ops	normal_cpu	136	1.0	0.01	false	true	24	1	4	68	1	0.5	0.5	2500	50	50	ok			3.439583	3.439583	3.439583	11.284698486328125	RasterCPUBackend	raster_cpu	72506.93880826124	41238.651606063264	61630.89798702206	4123.865160606327
simple_plant	/Users/rvezy/.julia/artifacts/0fe06e0ad6ecab2e7db5f97aff7d0ee11bb34555/benchmark_scenes/simple_plant.ops	normal_cpu	136	1.0	0.01	false	true	48	1	4	68	1	0.5	0.5	2500	50	50	ok			5.309416	5.309416	5.309416	14.102813720703125	RasterCPUBackend	raster_cpu	145559.92810465494	82765.42682881997	123725.93888895666	8276.542682881993
simple_plant	/Users/rvezy/.julia/artifacts/0fe06e0ad6ecab2e7db5f97aff7d0ee11bb34555/benchmark_scenes/simple_plant.ops	normal_cpu	136	1.0	0.01	true	false	1	1	4	68	1	0.5	0.5	2500	50	50	ok			6.215084	6.215084	6.215084	5.8732757568359375	RasterCPUBackend	raster_cpu	2868.438497943051	2129.9142847230014	2438.172723251593	212.99142847230013
simple_plant	/Users/rvezy/.julia/artifacts/0fe06e0ad6ecab2e7db5f97aff7d0ee11bb34555/benchmark_scenes/simple_plant.ops	normal_cpu	136	1.0	0.01	true	false	12	1	4	68	1	0.5	0.5	2500	50	50	skipped_huge_case		skipped by ARCHIMEDLIGHT_ARTIFACT_BENCH_SKIP_HUGE_CASES: scattering=true, cache_radiation=false, directions=136, simulated_hours=6.0	NaN	NaN	NaN	NaN		none	NaN	NaN	NaN	NaN
simple_plant	/Users/rvezy/.julia/artifacts/0fe06e0ad6ecab2e7db5f97aff7d0ee11bb34555/benchmark_scenes/simple_plant.ops	normal_cpu	136	1.0	0.01	true	false	24	1	4	68	1	0.5	0.5	2500	50	50	skipped_huge_case		skipped by ARCHIMEDLIGHT_ARTIFACT_BENCH_SKIP_HUGE_CASES: scattering=true, cache_radiation=false, directions=136, simulated_hours=12.0	NaN	NaN	NaN	NaN		none	NaN	NaN	NaN	NaN
simple_plant	/Users/rvezy/.julia/artifacts/0fe06e0ad6ecab2e7db5f97aff7d0ee11bb34555/benchmark_scenes/simple_plant.ops	normal_cpu	136	1.0	0.01	true	false	48	1	4	68	1	0.5	0.5	2500	50	50	skipped_huge_case		skipped by ARCHIMEDLIGHT_ARTIFACT_BENCH_SKIP_HUGE_CASES: scattering=true, cache_radiation=false, directions=136, simulated_hours=24.0	NaN	NaN	NaN	NaN		none	NaN	NaN	NaN	NaN
simple_plant	/Users/rvezy/.julia/artifacts/0fe06e0ad6ecab2e7db5f97aff7d0ee11bb34555/benchmark_scenes/simple_plant.ops	normal_cpu	136	1.0	0.01	true	true	1	1	4	68	1	0.5	0.5	2500	50	50	ok			6.500291	6.500291	6.500291	6.0989990234375	RasterCPUBackend	raster_cpu	2868.4384979430506	2130.4190079231194	2438.172723251593	213.04190079231188
simple_plant	/Users/rvezy/.julia/artifacts/0fe06e0ad6ecab2e7db5f97aff7d0ee11bb34555/benchmark_scenes/simple_plant.ops	normal_cpu	136	1.0	0.01	true	true	12	1	4	68	1	0.5	0.5	2500	50	50	skipped_huge_case		skipped by ARCHIMEDLIGHT_ARTIFACT_BENCH_SKIP_HUGE_CASES: scattering=true, cache_radiation=true, directions=136, simulated_hours=6.0	NaN	NaN	NaN	NaN		none	NaN	NaN	NaN	NaN
simple_plant	/Users/rvezy/.julia/artifacts/0fe06e0ad6ecab2e7db5f97aff7d0ee11bb34555/benchmark_scenes/simple_plant.ops	normal_cpu	136	1.0	0.01	true	true	24	1	4	68	1	0.5	0.5	2500	50	50	skipped_huge_case		skipped by ARCHIMEDLIGHT_ARTIFACT_BENCH_SKIP_HUGE_CASES: scattering=true, cache_radiation=true, directions=136, simulated_hours=12.0	NaN	NaN	NaN	NaN		none	NaN	NaN	NaN	NaN
simple_plant	/Users/rvezy/.julia/artifacts/0fe06e0ad6ecab2e7db5f97aff7d0ee11bb34555/benchmark_scenes/simple_plant.ops	normal_cpu	136	1.0	0.01	true	true	48	1	4	68	1	0.5	0.5	2500	50	50	skipped_huge_case		skipped by ARCHIMEDLIGHT_ARTIFACT_BENCH_SKIP_HUGE_CASES: scattering=true, cache_radiation=true, directions=136, simulated_hours=24.0	NaN	NaN	NaN	NaN		none	NaN	NaN	NaN	NaN
simple_plant	/Users/rvezy/.julia/artifacts/0fe06e0ad6ecab2e7db5f97aff7d0ee11bb34555/benchmark_scenes/simple_plant.ops	normal_cpu	136	10.0	0.1	false	false	1	1	4	68	1	0.5	0.5	25	5	5	ok			0.797291	0.797291	0.797291	0.5042724609375	RasterCPUBackend	raster_cpu	274.56456516007245	197.3432812088021	233.37988038606161	19.734328120880207
simple_plant	/Users/rvezy/.julia/artifacts/0fe06e0ad6ecab2e7db5f97aff7d0ee11bb34555/benchmark_scenes/simple_plant.ops	normal_cpu	136	10.0	0.1	false	false	12	1	4	68	1	0.5	0.5	25	5	5	skipped_huge_case		skipped by ARCHIMEDLIGHT_ARTIFACT_BENCH_SKIP_HUGE_CASES: scattering=false, cache_radiation=false, directions=136, simulated_hours=6.0	NaN	NaN	NaN	NaN		none	NaN	NaN	NaN	NaN
simple_plant	/Users/rvezy/.julia/artifacts/0fe06e0ad6ecab2e7db5f97aff7d0ee11bb34555/benchmark_scenes/simple_plant.ops	normal_cpu	136	10.0	0.1	false	false	24	1	4	68	1	0.5	0.5	25	5	5	skipped_huge_case		skipped by ARCHIMEDLIGHT_ARTIFACT_BENCH_SKIP_HUGE_CASES: scattering=false, cache_radiation=false, directions=136, simulated_hours=12.0	NaN	NaN	NaN	NaN		none	NaN	NaN	NaN	NaN
simple_plant	/Users/rvezy/.julia/artifacts/0fe06e0ad6ecab2e7db5f97aff7d0ee11bb34555/benchmark_scenes/simple_plant.ops	normal_cpu	136	10.0	0.1	false	false	48	1	4	68	1	0.5	0.5	25	5	5	skipped_huge_case		skipped by ARCHIMEDLIGHT_ARTIFACT_BENCH_SKIP_HUGE_CASES: scattering=false, cache_radiation=false, directions=136, simulated_hours=24.0	NaN	NaN	NaN	NaN		none	NaN	NaN	NaN	NaN
simple_plant	/Users/rvezy/.julia/artifacts/0fe06e0ad6ecab2e7db5f97aff7d0ee11bb34555/benchmark_scenes/simple_plant.ops	normal_cpu	136	10.0	0.1	false	true	1	1	4	68	1	0.5	0.5	25	5	5	ok			0.777708	0.777708	0.777708	0.51934814453125	RasterCPUBackend	raster_cpu	274.56456516007245	197.3432812088021	233.37988038606161	19.734328120880207
simple_plant	/Users/rvezy/.julia/artifacts/0fe06e0ad6ecab2e7db5f97aff7d0ee11bb34555/benchmark_scenes/simple_plant.ops	normal_cpu	136	10.0	0.1	false	true	12	1	4	68	1	0.5	0.5	25	5	5	ok			1.583333	1.583333	1.583333	1.8110198974609375	RasterCPUBackend	raster_cpu	8832.246112557978	5045.040475816917	7507.409195674283	504.5040475816917
simple_plant	/Users/rvezy/.julia/artifacts/0fe06e0ad6ecab2e7db5f97aff7d0ee11bb34555/benchmark_scenes/simple_plant.ops	normal_cpu	136	10.0	0.1	false	true	24	1	4	68	1	0.5	0.5	25	5	5	ok			2.461	2.461	2.461	3.2200775146484375	RasterCPUBackend	raster_cpu	16327.39521154782	9122.79649781728	13878.285929815642	912.279649781728
simple_plant	/Users/rvezy/.julia/artifacts/0fe06e0ad6ecab2e7db5f97aff7d0ee11bb34555/benchmark_scenes/simple_plant.ops	normal_cpu	136	10.0	0.1	false	true	48	1	4	68	1	0.5	0.5	25	5	5	ok			4.143459	4.143459	4.143459	6.0381927490234375	RasterCPUBackend	raster_cpu	33514.06778988404	18804.308088295904	28486.957621401423	1880.4308088295893
simple_plant	/Users/rvezy/.julia/artifacts/0fe06e0ad6ecab2e7db5f97aff7d0ee11bb34555/benchmark_scenes/simple_plant.ops	normal_cpu	136	10.0	0.1	true	false	1	1	4	68	1	0.5	0.5	25	5	5	ok			0.89275	0.89275	0.89275	0.475341796875	RasterCPUBackend	raster_cpu	284.46891275585574	212.35070891654198	241.79857584247742	21.23507089165419
simple_plant	/Users/rvezy/.julia/artifacts/0fe06e0ad6ecab2e7db5f97aff7d0ee11bb34555/benchmark_scenes/simple_plant.ops	normal_cpu	136	10.0	0.1	true	false	12	1	4	68	1	0.5	0.5	25	5	5	skipped_huge_case		skipped by ARCHIMEDLIGHT_ARTIFACT_BENCH_SKIP_HUGE_CASES: scattering=true, cache_radiation=false, directions=136, simulated_hours=6.0	NaN	NaN	NaN	NaN		none	NaN	NaN	NaN	NaN
simple_plant	/Users/rvezy/.julia/artifacts/0fe06e0ad6ecab2e7db5f97aff7d0ee11bb34555/benchmark_scenes/simple_plant.ops	normal_cpu	136	10.0	0.1	true	false	24	1	4	68	1	0.5	0.5	25	5	5	skipped_huge_case		skipped by ARCHIMEDLIGHT_ARTIFACT_BENCH_SKIP_HUGE_CASES: scattering=true, cache_radiation=false, directions=136, simulated_hours=12.0	NaN	NaN	NaN	NaN		none	NaN	NaN	NaN	NaN
simple_plant	/Users/rvezy/.julia/artifacts/0fe06e0ad6ecab2e7db5f97aff7d0ee11bb34555/benchmark_scenes/simple_plant.ops	normal_cpu	136	10.0	0.1	true	false	48	1	4	68	1	0.5	0.5	25	5	5	skipped_huge_case		skipped by ARCHIMEDLIGHT_ARTIFACT_BENCH_SKIP_HUGE_CASES: scattering=true, cache_radiation=false, directions=136, simulated_hours=24.0	NaN	NaN	NaN	NaN		none	NaN	NaN	NaN	NaN
simple_plant	/Users/rvezy/.julia/artifacts/0fe06e0ad6ecab2e7db5f97aff7d0ee11bb34555/benchmark_scenes/simple_plant.ops	normal_cpu	136	10.0	0.1	true	true	1	1	4	68	1	0.5	0.5	25	5	5	ok			0.978292	0.978292	0.978292	0.6844024658203125	RasterCPUBackend	raster_cpu	284.46891275585574	212.52090746276104	241.79857584247742	21.2520907462761
simple_plant	/Users/rvezy/.julia/artifacts/0fe06e0ad6ecab2e7db5f97aff7d0ee11bb34555/benchmark_scenes/simple_plant.ops	normal_cpu	136	10.0	0.1	true	true	12	1	4	68	1	0.5	0.5	25	5	5	skipped_huge_case		skipped by ARCHIMEDLIGHT_ARTIFACT_BENCH_SKIP_HUGE_CASES: scattering=true, cache_radiation=true, directions=136, simulated_hours=6.0	NaN	NaN	NaN	NaN		none	NaN	NaN	NaN	NaN
simple_plant	/Users/rvezy/.julia/artifacts/0fe06e0ad6ecab2e7db5f97aff7d0ee11bb34555/benchmark_scenes/simple_plant.ops	normal_cpu	136	10.0	0.1	true	true	24	1	4	68	1	0.5	0.5	25	5	5	skipped_huge_case		skipped by ARCHIMEDLIGHT_ARTIFACT_BENCH_SKIP_HUGE_CASES: scattering=true, cache_radiation=true, directions=136, simulated_hours=12.0	NaN	NaN	NaN	NaN		none	NaN	NaN	NaN	NaN
simple_plant	/Users/rvezy/.julia/artifacts/0fe06e0ad6ecab2e7db5f97aff7d0ee11bb34555/benchmark_scenes/simple_plant.ops	normal_cpu	136	10.0	0.1	true	true	48	1	4	68	1	0.5	0.5	25	5	5	skipped_huge_case		skipped by ARCHIMEDLIGHT_ARTIFACT_BENCH_SKIP_HUGE_CASES: scattering=true, cache_radiation=true, directions=136, simulated_hours=24.0	NaN	NaN	NaN	NaN		none	NaN	NaN	NaN	NaN
coffee	/Users/rvezy/.julia/artifacts/0fe06e0ad6ecab2e7db5f97aff7d0ee11bb34555/benchmark_scenes/coffee.ops	normal_cpu	16	0.1	0.001	false	false	1	1	4032	118798	1	2.0	2.0	4000000	2000	2000	ok			32844.099167	32844.099167	32844.099167	9586.298263549805	RasterCPUBackend	raster_cpu	1.0762834279134138e6	773578.7138127643	914840.9137264008	77357.87138127678
coffee	/Users/rvezy/.julia/artifacts/0fe06e0ad6ecab2e7db5f97aff7d0ee11bb34555/benchmark_scenes/coffee.ops	normal_cpu	16	0.1	0.001	false	false	12	1	4032	118798	1	2.0	2.0	4000000	2000	2000	ok			396175.493917	396175.493917	396175.493917	114492.83027648926	RasterCPUBackend	raster_cpu	1.3495631177808166e7	7.759360467759741e6	1.1471286501136944e7	775936.0467759736
coffee	/Users/rvezy/.julia/artifacts/0fe06e0ad6ecab2e7db5f97aff7d0ee11bb34555/benchmark_scenes/coffee.ops	normal_cpu	16	0.1	0.001	false	false	24	1	4032	118798	1	2.0	2.0	4000000	2000	2000	ok			792384.216166	792384.216166	792384.216166	228953.72346496582	RasterCPUBackend	raster_cpu	2.7028193670638897e7	1.5506372767056141e7	2.2973964620043047e7	1.5506372767056131e6
coffee	/Users/rvezy/.julia/artifacts/0fe06e0ad6ecab2e7db5f97aff7d0ee11bb34555/benchmark_scenes/coffee.ops	normal_cpu	16	0.1	0.001	false	false	48	1	4032	118798	1	2.0	2.0	4000000	2000	2000	ok			1.589108782375e6	1.589108782375e6	1.589108782375e6	457937.75984191895	RasterCPUBackend	raster_cpu	5.4150099980005115e7	3.1034689002411477e7	4.602758498300437e7	3.1034689002411487e6
coffee	/Users/rvezy/.julia/artifacts/0fe06e0ad6ecab2e7db5f97aff7d0ee11bb34555/benchmark_scenes/coffee.ops	normal_cpu	16	0.1	0.001	false	true	1	1	4032	118798	1	2.0	2.0	4000000	2000	2000	ok			33177.186541	33177.186541	33177.186541	9557.576873779297	RasterCPUBackend	raster_cpu	1.0762834279134138e6	773578.7138127643	914840.9137264008	77357.87138127678
coffee	/Users/rvezy/.julia/artifacts/0fe06e0ad6ecab2e7db5f97aff7d0ee11bb34555/benchmark_scenes/coffee.ops	normal_cpu	16	0.1	0.001	false	true	12	1	4032	118798	1	2.0	2.0	4000000	2000	2000	ok			32335.866833	32335.866833	32335.866833	9588.36491394043	RasterCPUBackend	raster_cpu	1.3495631177808166e7	7.759360467759741e6	1.1471286501136944e7	775936.0467759736
coffee	/Users/rvezy/.julia/artifacts/0fe06e0ad6ecab2e7db5f97aff7d0ee11bb34555/benchmark_scenes/coffee.ops	normal_cpu	16	0.1	0.001	false	true	24	1	4032	118798	1	2.0	2.0	4000000	2000	2000	ok			33086.486625	33086.486625	33086.486625	9621.95182800293	RasterCPUBackend	raster_cpu	2.7028193670638897e7	1.5506372767056141e7	2.2973964620043047e7	1.5506372767056131e6
coffee	/Users/rvezy/.julia/artifacts/0fe06e0ad6ecab2e7db5f97aff7d0ee11bb34555/benchmark_scenes/coffee.ops	normal_cpu	16	0.1	0.001	false	true	48	1	4032	118798	1	2.0	2.0	4000000	2000	2000	ok			33174.524	33174.524	33174.524	9689.12565612793	RasterCPUBackend	raster_cpu	5.4150099980005115e7	3.1034689002411477e7	4.602758498300437e7	3.1034689002411487e6
coffee	/Users/rvezy/.julia/artifacts/0fe06e0ad6ecab2e7db5f97aff7d0ee11bb34555/benchmark_scenes/coffee.ops	normal_cpu	16	0.1	0.001	true	false	1	1	4032	118798	1	2.0	2.0	4000000	2000	2000	ok			61471.459375	61471.459375	61471.459375	15635.022445678711	RasterCPUBackend	raster_cpu	1.2014714941607935e6	976620.4058460594	1.0212507700366732e6	97662.04058460612
coffee	/Users/rvezy/.julia/artifacts/0fe06e0ad6ecab2e7db5f97aff7d0ee11bb34555/benchmark_scenes/coffee.ops	normal_cpu	16	0.1	0.001	true	false	12	1	4032	118798	1	2.0	2.0	4000000	2000	2000	ok			741981.220083	741981.220083	741981.220083	187205.91534423828	RasterCPUBackend	raster_cpu	1.506791602828816e7	9.805021654342938e6	1.2807728624044932e7	980502.1654342941
coffee	/Users/rvezy/.julia/artifacts/0fe06e0ad6ecab2e7db5f97aff7d0ee11bb34555/benchmark_scenes/coffee.ops	normal_cpu	16	0.1	0.001	true	false	24	1	4032	118798	1	2.0	2.0	4000000	2000	2000	ok			1.494229381834e6	1.494229381834e6	1.494229381834e6	374335.8321533203	RasterCPUBackend	raster_cpu	3.0177471834413588e7	1.9590685431572963e7	2.5650851059251547e7	1.9590685431572949e6
coffee	/Users/rvezy/.julia/artifacts/0fe06e0ad6ecab2e7db5f97aff7d0ee11bb34555/benchmark_scenes/coffee.ops	normal_cpu	16	0.1	0.001	true	false	48	1	4032	118798	1	2.0	2.0	4000000	2000	2000	ok			2.962225493542e6	2.962225493542e6	2.962225493542e6	748639.7282714844	RasterCPUBackend	raster_cpu	6.04601732951206e7	3.921191517896059e7	5.139114730085251e7	3.9211915178960566e6
coffee	/Users/rvezy/.julia/artifacts/0fe06e0ad6ecab2e7db5f97aff7d0ee11bb34555/benchmark_scenes/coffee.ops	normal_cpu	16	0.1	0.001	true	true	1	1	4032	118798	1	2.0	2.0	4000000	2000	2000	ok			62413.309875	62413.309875	62413.309875	15633.928146362305	RasterCPUBackend	raster_cpu	1.2014714941607935e6	976814.5080517189	1.0212507700366732e6	97681.45080517228
coffee	/Users/rvezy/.julia/artifacts/0fe06e0ad6ecab2e7db5f97aff7d0ee11bb34555/benchmark_scenes/coffee.ops	normal_cpu	16	0.1	0.001	true	true	12	1	4032	118798	1	2.0	2.0	4000000	2000	2000	ok			61986.221875	61986.221875	61986.221875	15668.439025878906	RasterCPUBackend	raster_cpu	1.506791602828816e7	9.804133410906198e6	1.2807728624044932e7	980413.34109062
coffee	/Users/rvezy/.julia/artifacts/0fe06e0ad6ecab2e7db5f97aff7d0ee11bb34555/benchmark_scenes/coffee.ops	normal_cpu	16	0.1	0.001	true	true	24	1	4032	118798	1	2.0	2.0	4000000	2000	2000	ok			63097.203459	63097.203459	63097.203459	15706.087219238281	RasterCPUBackend	raster_cpu	3.0177471834413588e7	1.9592985509230986e7	2.5650851059251547e7	1.9592985509230995e6
coffee	/Users/rvezy/.julia/artifacts/0fe06e0ad6ecab2e7db5f97aff7d0ee11bb34555/benchmark_scenes/coffee.ops	normal_cpu	16	0.1	0.001	true	true	48	1	4032	118798	1	2.0	2.0	4000000	2000	2000	ok			64005.018833	64005.018833	64005.018833	15781.383605957031	RasterCPUBackend	raster_cpu	6.0460173295120604e7	3.921438261922232e7	5.139114730085251e7	3.9214382619222305e6
coffee	/Users/rvezy/.julia/artifacts/0fe06e0ad6ecab2e7db5f97aff7d0ee11bb34555/benchmark_scenes/coffee.ops	normal_cpu	16	0.5	0.005	false	false	1	1	4032	118798	1	2.0	2.0	160000	400	400	ok			226.19675	226.19675	226.19675	110.63267517089844	RasterCPUBackend	raster_cpu	1.0749917170124715e6	772650.2966027128	913742.9594605964	77265.02966027147
coffee	/Users/rvezy/.julia/artifacts/0fe06e0ad6ecab2e7db5f97aff7d0ee11bb34555/benchmark_scenes/coffee.ops	normal_cpu	16	0.5	0.005	false	false	12	1	4032	118798	1	2.0	2.0	160000	400	400	ok			2568.584459	2568.584459	2568.584459	976.2852325439453	RasterCPUBackend	raster_cpu	1.3484415077150762e7	7.752792294220651e6	1.1461752815578146e7	775279.2294220657
coffee	/Users/rvezy/.julia/artifacts/0fe06e0ad6ecab2e7db5f97aff7d0ee11bb34555/benchmark_scenes/coffee.ops	normal_cpu	16	0.5	0.005	false	false	24	1	4032	118798	1	2.0	2.0	160000	400	400	ok			5075.277125	5075.277125	5075.277125	1920.6334381103516	RasterCPUBackend	raster_cpu	2.7005691089641046e7	1.549320312486352e7	2.2954837426194903e7	1.5493203124863505e6
coffee	/Users/rvezy/.julia/artifacts/0fe06e0ad6ecab2e7db5f97aff7d0ee11bb34555/benchmark_scenes/coffee.ops	normal_cpu	16	0.5	0.005	false	false	48	1	4032	118798	1	2.0	2.0	160000	400	400	ok			10417.936542	10417.936542	10417.936542	3809.329849243164	RasterCPUBackend	raster_cpu	5.410505629708568e7	3.100835506174182e7	4.598929785252283e7	3.1008355061741793e6
coffee	/Users/rvezy/.julia/artifacts/0fe06e0ad6ecab2e7db5f97aff7d0ee11bb34555/benchmark_scenes/coffee.ops	normal_cpu	16	0.5	0.005	false	true	1	1	4032	118798	1	2.0	2.0	160000	400	400	ok			216.760625	216.760625	216.760625	97.50541687011719	RasterCPUBackend	raster_cpu	1.0749917170124715e6	772650.2966027128	913742.9594605964	77265.02966027147
coffee	/Users/rvezy/.julia/artifacts/0fe06e0ad6ecab2e7db5f97aff7d0ee11bb34555/benchmark_scenes/coffee.ops	normal_cpu	16	0.5	0.005	false	true	12	1	4032	118798	1	2.0	2.0	160000	400	400	ok			231.445708	231.445708	231.445708	128.29345703125	RasterCPUBackend	raster_cpu	1.3484415077150762e7	7.752792294220651e6	1.1461752815578146e7	775279.2294220657
coffee	/Users/rvezy/.julia/artifacts/0fe06e0ad6ecab2e7db5f97aff7d0ee11bb34555/benchmark_scenes/coffee.ops	normal_cpu	16	0.5	0.005	false	true	24	1	4032	118798	1	2.0	2.0	160000	400	400	ok			247.992083	247.992083	247.992083	161.88037109375	RasterCPUBackend	raster_cpu	2.7005691089641046e7	1.549320312486352e7	2.2954837426194903e7	1.5493203124863505e6
coffee	/Users/rvezy/.julia/artifacts/0fe06e0ad6ecab2e7db5f97aff7d0ee11bb34555/benchmark_scenes/coffee.ops	normal_cpu	16	0.5	0.005	false	true	48	1	4032	118798	1	2.0	2.0	160000	400	400	ok			280.604833	280.604833	280.604833	229.05419921875	RasterCPUBackend	raster_cpu	5.410505629708568e7	3.100835506174182e7	4.598929785252283e7	3.1008355061741793e6
coffee	/Users/rvezy/.julia/artifacts/0fe06e0ad6ecab2e7db5f97aff7d0ee11bb34555/benchmark_scenes/coffee.ops	normal_cpu	16	0.5	0.005	true	false	1	1	4032	118798	1	2.0	2.0	160000	400	400	ok			1213.725125	1213.725125	1213.725125	720.8844757080078	RasterCPUBackend	raster_cpu	1.200010337397416e6	975416.4100468522	1.0200087867878058e6	97541.64100468514
coffee	/Users/rvezy/.julia/artifacts/0fe06e0ad6ecab2e7db5f97aff7d0ee11bb34555/benchmark_scenes/coffee.ops	normal_cpu	16	0.5	0.005	true	false	12	1	4032	118798	1	2.0	2.0	160000	400	400	ok			15054.875375	15054.875375	15054.875375	8299.318420410156	RasterCPUBackend	raster_cpu	1.5055142112192249e7	9.796395222964294e6	1.2796870795363415e7	979639.5222964286
coffee	/Users/rvezy/.julia/artifacts/0fe06e0ad6ecab2e7db5f97aff7d0ee11bb34555/benchmark_scenes/coffee.ops	normal_cpu	16	0.5	0.005	true	false	24	1	4032	118798	1	2.0	2.0	160000	400	400	ok			30252.540625	30252.540625	30252.540625	16566.70086669922	RasterCPUBackend	raster_cpu	3.0151854699307982e7	1.9573409758317254e7	2.5629076494411804e7	1.957340975831724e6
coffee	/Users/rvezy/.julia/artifacts/0fe06e0ad6ecab2e7db5f97aff7d0ee11bb34555/benchmark_scenes/coffee.ops	normal_cpu	16	0.5	0.005	true	false	48	1	4032	118798	1	2.0	2.0	160000	400	400	ok			60742.278625	60742.278625	60742.278625	33101.465759277344	RasterCPUBackend	raster_cpu	6.040890603450186e7	3.9177384973758936e7	5.134757012932653e7	3.917738497375891e6
coffee	/Users/rvezy/.julia/artifacts/0fe06e0ad6ecab2e7db5f97aff7d0ee11bb34555/benchmark_scenes/coffee.ops	normal_cpu	16	0.5	0.005	true	true	1	1	4032	118798	1	2.0	2.0	160000	400	400	ok			1239.463333	1239.463333	1239.463333	721.0059509277344	RasterCPUBackend	raster_cpu	1.200010337397416e6	975610.4049618826	1.0200087867878058e6	97561.04049618813
coffee	/Users/rvezy/.julia/artifacts/0fe06e0ad6ecab2e7db5f97aff7d0ee11bb34555/benchmark_scenes/coffee.ops	normal_cpu	16	0.5	0.005	true	true	12	1	4032	118798	1	2.0	2.0	160000	400	400	ok			1245.031291	1245.031291	1245.031291	755.5168304443359	RasterCPUBackend	raster_cpu	1.5055142112192249e7	9.795508793484375e6	1.2796870795363415e7	979550.8793484382
coffee	/Users/rvezy/.julia/artifacts/0fe06e0ad6ecab2e7db5f97aff7d0ee11bb34555/benchmark_scenes/coffee.ops	normal_cpu	16	0.5	0.005	true	true	24	1	4032	118798	1	2.0	2.0	160000	400	400	ok			1281.495125	1281.495125	1281.495125	793.1650238037109	RasterCPUBackend	raster_cpu	3.0151854699307982e7	1.9575709917421494e7	2.5629076494411804e7	1.9575709917421495e6
coffee	/Users/rvezy/.julia/artifacts/0fe06e0ad6ecab2e7db5f97aff7d0ee11bb34555/benchmark_scenes/coffee.ops	normal_cpu	16	0.5	0.005	true	true	48	1	4032	118798	1	2.0	2.0	160000	400	400	ok			1316.646042	1316.646042	1316.646042	868.4614105224609	RasterCPUBackend	raster_cpu	6.040890603450186e7	3.917985463192746e7	5.134757012932653e7	3.917985463192746e6
coffee	/Users/rvezy/.julia/artifacts/0fe06e0ad6ecab2e7db5f97aff7d0ee11bb34555/benchmark_scenes/coffee.ops	normal_cpu	16	1.0	0.01	false	false	1	1	4032	118798	1	2.0	2.0	40000	200	200	ok			164.873167	164.873167	164.873167	64.90434265136719	RasterCPUBackend	raster_cpu	1.0690338450116694e6	768368.0761021398	908678.7682599225	76836.80761021395
coffee	/Users/rvezy/.julia/artifacts/0fe06e0ad6ecab2e7db5f97aff7d0ee11bb34555/benchmark_scenes/coffee.ops	normal_cpu	16	1.0	0.01	false	false	12	1	4032	118798	1	2.0	2.0	40000	200	200	ok			1866.431833	1866.431833	1866.431833	427.5452423095703	RasterCPUBackend	raster_cpu	1.3423423022229273e7	7.719595401566183e6	1.1409909568894884e7	771959.5401566181
coffee	/Users/rvezy/.julia/artifacts/0fe06e0ad6ecab2e7db5f97aff7d0ee11bb34555/benchmark_scenes/coffee.ops	normal_cpu	16	1.0	0.01	false	false	24	1	4032	118798	1	2.0	2.0	40000	200	200	ok			3702.952042	3702.952042	3702.952042	823.1534576416016	RasterCPUBackend	raster_cpu	2.688406486984435e7	1.5427045857863056e7	2.28514551393677e7	1.5427045857863051e6
coffee	/Users/rvezy/.julia/artifacts/0fe06e0ad6ecab2e7db5f97aff7d0ee11bb34555/benchmark_scenes/coffee.ops	normal_cpu	16	1.0	0.01	false	false	48	1	4032	118798	1	2.0	2.0	40000	200	200	ok			7366.188625	7366.188625	7366.188625	1614.369888305664	RasterCPUBackend	raster_cpu	5.386245761956856e7	3.087639784683459e7	4.578308897663328e7	3.0876397846834585e6
coffee	/Users/rvezy/.julia/artifacts/0fe06e0ad6ecab2e7db5f97aff7d0ee11bb34555/benchmark_scenes/coffee.ops	normal_cpu	16	1.0	0.01	false	true	1	1	4032	118798	1	2.0	2.0	40000	200	200	ok			160.176708	160.176708	160.176708	53.24583435058594	RasterCPUBackend	raster_cpu	1.0690338450116694e6	768368.0761021398	908678.7682599225	76836.80761021395
coffee	/Users/rvezy/.julia/artifacts/0fe06e0ad6ecab2e7db5f97aff7d0ee11bb34555/benchmark_scenes/coffee.ops	normal_cpu	16	1.0	0.01	false	true	12	1	4032	118798	1	2.0	2.0	40000	200	200	ok			175.022792	175.022792	175.022792	84.03387451171875	RasterCPUBackend	raster_cpu	1.3423423022229273e7	7.719595401566183e6	1.1409909568894884e7	771959.5401566181
coffee	/Users/rvezy/.julia/artifacts/0fe06e0ad6ecab2e7db5f97aff7d0ee11bb34555/benchmark_scenes/coffee.ops	normal_cpu	16	1.0	0.01	false	true	24	1	4032	118798	1	2.0	2.0	40000	200	200	ok			191.181791	191.181791	191.181791	117.62078857421875	RasterCPUBackend	raster_cpu	2.688406486984435e7	1.5427045857863056e7	2.28514551393677e7	1.5427045857863051e6
coffee	/Users/rvezy/.julia/artifacts/0fe06e0ad6ecab2e7db5f97aff7d0ee11bb34555/benchmark_scenes/coffee.ops	normal_cpu	16	1.0	0.01	false	true	48	1	4032	118798	1	2.0	2.0	40000	200	200	ok			223.544208	223.544208	223.544208	184.79461669921875	RasterCPUBackend	raster_cpu	5.386245761956856e7	3.087639784683459e7	4.578308897663328e7	3.0876397846834585e6
coffee	/Users/rvezy/.julia/artifacts/0fe06e0ad6ecab2e7db5f97aff7d0ee11bb34555/benchmark_scenes/coffee.ops	normal_cpu	16	1.0	0.01	true	false	1	1	4032	118798	1	2.0	2.0	40000	200	200	ok			420.095625	420.095625	420.095625	231.35888671875	RasterCPUBackend	raster_cpu	1.1931604732023408e6	969675.7074257941	1.0141864022219913e6	96967.57074257934
coffee	/Users/rvezy/.julia/artifacts/0fe06e0ad6ecab2e7db5f97aff7d0ee11bb34555/benchmark_scenes/coffee.ops	normal_cpu	16	1.0	0.01	true	false	12	1	4032	118798	1	2.0	2.0	40000	200	200	ok			5022.441333	5022.441333	5022.441333	2425.0113525390625	RasterCPUBackend	raster_cpu	1.4984624190284368e7	9.746833062820958e6	1.2736930561741715e7	974683.3062820951
coffee	/Users/rvezy/.julia/artifacts/0fe06e0ad6ecab2e7db5f97aff7d0ee11bb34555/benchmark_scenes/coffee.ops	normal_cpu	16	1.0	0.01	true	false	24	1	4032	118798	1	2.0	2.0	40000	200	200	ok			10262.493792	10262.493792	10262.493792	4681.586730957031	RasterCPUBackend	raster_cpu	3.0011208821979962e7	1.9483461196820688e7	2.5509527498682976e7	1.9483461196820685e6
coffee	/Users/rvezy/.julia/artifacts/0fe06e0ad6ecab2e7db5f97aff7d0ee11bb34555/benchmark_scenes/coffee.ops	normal_cpu	16	1.0	0.01	true	false	48	1	4032	118798	1	2.0	2.0	40000	200	200	ok			20615.868583	20615.868583	20615.868583	9335.737487792969	RasterCPUBackend	raster_cpu	6.012833405863924e7	3.899577879568159e7	5.110908394984333e7	3.899577879568157e6
coffee	/Users/rvezy/.julia/artifacts/0fe06e0ad6ecab2e7db5f97aff7d0ee11bb34555/benchmark_scenes/coffee.ops	normal_cpu	16	1.0	0.01	true	true	1	1	4032	118798	1	2.0	2.0	40000	200	200	ok			437.050625	437.050625	437.050625	231.35536193847656	RasterCPUBackend	raster_cpu	1.1931604732023408e6	969809.7612986834	1.0141864022219913e6	96980.9761298684
coffee	/Users/rvezy/.julia/artifacts/0fe06e0ad6ecab2e7db5f97aff7d0ee11bb34555/benchmark_scenes/coffee.ops	normal_cpu	16	1.0	0.01	true	true	12	1	4032	118798	1	2.0	2.0	40000	200	200	ok			451.561666	451.561666	451.561666	265.8662414550781	RasterCPUBackend	raster_cpu	1.498462419028437e7	9.748795473654319e6	1.2736930561741715e7	974879.5473654312
coffee	/Users/rvezy/.julia/artifacts/0fe06e0ad6ecab2e7db5f97aff7d0ee11bb34555/benchmark_scenes/coffee.ops	normal_cpu	16	1.0	0.01	true	true	24	1	4032	118798	1	2.0	2.0	40000	200	200	ok			472.962666	472.962666	472.962666	303.5144348144531	RasterCPUBackend	raster_cpu	3.0011208821979962e7	1.948318086760374e7	2.5509527498682976e7	1.9483180867603745e6
coffee	/Users/rvezy/.julia/artifacts/0fe06e0ad6ecab2e7db5f97aff7d0ee11bb34555/benchmark_scenes/coffee.ops	normal_cpu	16	1.0	0.01	true	true	48	1	4032	118798	1	2.0	2.0	40000	200	200	ok			511.020084	511.020084	511.020084	378.8108215332031	RasterCPUBackend	raster_cpu	6.012833405863924e7	3.899579004175257e7	5.1109083949843325e7	3.8995790041752546e6
coffee	/Users/rvezy/.julia/artifacts/0fe06e0ad6ecab2e7db5f97aff7d0ee11bb34555/benchmark_scenes/coffee.ops	normal_cpu	16	10.0	0.1	false	false	1	1	4032	118798	1	2.0	2.0	400	20	20	ok			119.788084	119.788084	119.788084	50.06098937988281	RasterCPUBackend	raster_cpu	296130.35169174254	212843.69027843984	251710.79893798163	21284.369027844
coffee	/Users/rvezy/.julia/artifacts/0fe06e0ad6ecab2e7db5f97aff7d0ee11bb34555/benchmark_scenes/coffee.ops	normal_cpu	16	10.0	0.1	false	false	12	1	4032	118798	1	2.0	2.0	400	20	20	ok			1292.960917	1292.960917	1292.960917	264.8001708984375	RasterCPUBackend	raster_cpu	4.1186823454614533e6	2.41766614861328e6	3.5008799936422342e6	241766.61486132775
coffee	/Users/rvezy/.julia/artifacts/0fe06e0ad6ecab2e7db5f97aff7d0ee11bb34555/benchmark_scenes/coffee.ops	normal_cpu	16	10.0	0.1	false	false	24	1	4032	118798	1	2.0	2.0	400	20	20	ok			2584.7835	2584.7835	2584.7835	480.038330078125	RasterCPUBackend	raster_cpu	8.340475479520647e6	4.887986275868311e6	7.089404157592549e6	488798.6275868308
coffee	/Users/rvezy/.julia/artifacts/0fe06e0ad6ecab2e7db5f97aff7d0ee11bb34555/benchmark_scenes/coffee.ops	normal_cpu	16	10.0	0.1	false	false	48	1	4032	118798	1	2.0	2.0	400	20	20	ok			5185.132958	5185.132958	5185.132958	910.9521484375	RasterCPUBackend	raster_cpu	1.6824454524218556e7	9.851050743003251e6	1.4300786345585782e7	985105.0743003254
coffee	/Users/rvezy/.julia/artifacts/0fe06e0ad6ecab2e7db5f97aff7d0ee11bb34555/benchmark_scenes/coffee.ops	normal_cpu	16	10.0	0.1	false	true	1	1	4032	118798	1	2.0	2.0	400	20	20	ok			115.470417	115.470417	115.470417	37.63677978515625	RasterCPUBackend	raster_cpu	296130.35169174254	212843.69027843984	251710.79893798163	21284.369027844
coffee	/Users/rvezy/.julia/artifacts/0fe06e0ad6ecab2e7db5f97aff7d0ee11bb34555/benchmark_scenes/coffee.ops	normal_cpu	16	10.0	0.1	false	true	12	1	4032	118798	1	2.0	2.0	400	20	20	ok			132.214125	132.214125	132.214125	68.42481994628906	RasterCPUBackend	raster_cpu	4.1186823454614533e6	2.41766614861328e6	3.5008799936422342e6	241766.61486132775
coffee	/Users/rvezy/.julia/artifacts/0fe06e0ad6ecab2e7db5f97aff7d0ee11bb34555/benchmark_scenes/coffee.ops	normal_cpu	16	10.0	0.1	false	true	24	1	4032	118798	1	2.0	2.0	400	20	20	ok			145.516708	145.516708	145.516708	102.01173400878906	RasterCPUBackend	raster_cpu	8.340475479520647e6	4.887986275868311e6	7.089404157592549e6	488798.6275868308
coffee	/Users/rvezy/.julia/artifacts/0fe06e0ad6ecab2e7db5f97aff7d0ee11bb34555/benchmark_scenes/coffee.ops	normal_cpu	16	10.0	0.1	false	true	48	1	4032	118798	1	2.0	2.0	400	20	20	ok			177.058958	177.058958	177.058958	169.18556213378906	RasterCPUBackend	raster_cpu	1.6824454524218556e7	9.851050743003251e6	1.4300786345585782e7	985105.0743003254
coffee	/Users/rvezy/.julia/artifacts/0fe06e0ad6ecab2e7db5f97aff7d0ee11bb34555/benchmark_scenes/coffee.ops	normal_cpu	16	10.0	0.1	true	false	1	1	4032	118798	1	2.0	2.0	400	20	20	ok			124.2365	124.2365	124.2365	43.4609375	RasterCPUBackend	raster_cpu	327591.1643331219	263990.4370196295	278452.4896831548	26399.043701963044
coffee	/Users/rvezy/.julia/artifacts/0fe06e0ad6ecab2e7db5f97aff7d0ee11bb34555/benchmark_scenes/coffee.ops	normal_cpu	16	10.0	0.1	true	false	12	1	4032	118798	1	2.0	2.0	400	20	20	ok			1377.413458	1377.413458	1377.413458	170.2361297607422	RasterCPUBackend	raster_cpu	4.56220542261913e6	3.006849801548083e6	3.877874609226261e6	300684.9801548082
coffee	/Users/rvezy/.julia/artifacts/0fe06e0ad6ecab2e7db5f97aff7d0ee11bb34555/benchmark_scenes/coffee.ops	normal_cpu	16	10.0	0.1	true	false	24	1	4032	118798	1	2.0	2.0	400	20	20	ok			2739.294167	2739.294167	2739.294167	308.5363006591797	RasterCPUBackend	raster_cpu	9.239401754634425e6	6.080306417130926e6	7.853491491439259e6	608030.6417130927
coffee	/Users/rvezy/.julia/artifacts/0fe06e0ad6ecab2e7db5f97aff7d0ee11bb34555/benchmark_scenes/coffee.ops	normal_cpu	16	10.0	0.1	true	false	48	1	4032	118798	1	2.0	2.0	400	20	20	ok			5484.853584	5484.853584	5484.853584	585.1366424560547	RasterCPUBackend	raster_cpu	1.863872362975623e7	1.2255364806705974e7	1.5842915085292792e7	1.2255364806705972e6
coffee	/Users/rvezy/.julia/artifacts/0fe06e0ad6ecab2e7db5f97aff7d0ee11bb34555/benchmark_scenes/coffee.ops	normal_cpu	16	10.0	0.1	true	true	1	1	4032	118798	1	2.0	2.0	400	20	20	ok			126.160167	126.160167	126.160167	48.69169616699219	RasterCPUBackend	raster_cpu	327591.1643331219	264048.06558178447	278452.4896831548	26404.806558178458
coffee	/Users/rvezy/.julia/artifacts/0fe06e0ad6ecab2e7db5f97aff7d0ee11bb34555/benchmark_scenes/coffee.ops	normal_cpu	16	10.0	0.1	true	true	12	1	4032	118798	1	2.0	2.0	400	20	20	ok			142.929833	142.929833	142.929833	83.20257568359375	RasterCPUBackend	raster_cpu	4.56220542261913e6	3.0075782544582104e6	3.877874609226261e6	300757.82544582104
coffee	/Users/rvezy/.julia/artifacts/0fe06e0ad6ecab2e7db5f97aff7d0ee11bb34555/benchmark_scenes/coffee.ops	normal_cpu	16	10.0	0.1	true	true	24	1	4032	118798	1	2.0	2.0	400	20	20	ok			159.225291	159.225291	159.225291	120.85076904296875	RasterCPUBackend	raster_cpu	9.239401754634425e6	6.081914046088296e6	7.853491491439259e6	608191.4046088293
coffee	/Users/rvezy/.julia/artifacts/0fe06e0ad6ecab2e7db5f97aff7d0ee11bb34555/benchmark_scenes/coffee.ops	normal_cpu	16	10.0	0.1	true	true	48	1	4032	118798	1	2.0	2.0	400	20	20	ok			194.946542	194.946542	194.946542	196.14715576171875	RasterCPUBackend	raster_cpu	1.8638723629756235e7	1.2258741430485174e7	1.5842915085292792e7	1.2258741430485162e6
coffee	/Users/rvezy/.julia/artifacts/0fe06e0ad6ecab2e7db5f97aff7d0ee11bb34555/benchmark_scenes/coffee.ops	normal_cpu	46	0.1	0.001	false	false	1	1	4032	118798	1	2.0	2.0	4000000	2000	2000	ok			155433.530958	155433.530958	155433.530958	36481.81883239746	RasterCPUBackend	raster_cpu	1.0426828514928241e6	749428.2995104676	886280.4237689013	74942.8299510467
coffee	/Users/rvezy/.julia/artifacts/0fe06e0ad6ecab2e7db5f97aff7d0ee11bb34555/benchmark_scenes/coffee.ops	normal_cpu	46	0.1	0.001	false	false	12	1	4032	118798	1	2.0	2.0	4000000	2000	2000	ok			1.859504962709e6	1.859504962709e6	1.859504962709e6	437446.080947876	RasterCPUBackend	raster_cpu	1.3387832157906314e7	7.748288422886133e6	1.1379657334220357e7	774828.8422886125
coffee	/Users/rvezy/.julia/artifacts/0fe06e0ad6ecab2e7db5f97aff7d0ee11bb34555/benchmark_scenes/coffee.ops	normal_cpu	46	0.1	0.001	false	false	24	1	4032	118798	1	2.0	2.0	4000000	2000	2000	ok			3.707462582625e6	3.707462582625e6	3.707462582625e6	874860.2248077393	RasterCPUBackend	raster_cpu	2.660632782983784e7	1.5336528615119012e7	2.2615378655362163e7	1.5336528615119e6
coffee	/Users/rvezy/.julia/artifacts/0fe06e0ad6ecab2e7db5f97aff7d0ee11bb34555/benchmark_scenes/coffee.ops	normal_cpu	46	0.1	0.001	false	false	48	1	4032	118798	1	2.0	2.0	4000000	2000	2000	ok			7.399261141375e6	7.399261141375e6	7.399261141375e6	1.7496885125274658e6	RasterCPUBackend	raster_cpu	5.318560339161831e7	3.0611061983288616e7	4.5207762882875554e7	3.061106198328864e6
coffee	/Users/rvezy/.julia/artifacts/0fe06e0ad6ecab2e7db5f97aff7d0ee11bb34555/benchmark_scenes/coffee.ops	normal_cpu	46	0.1	0.001	false	true	1	1	4032	118798	1	2.0	2.0	4000000	2000	2000	ok			156744.560875	156744.560875	156744.560875	36473.478607177734	RasterCPUBackend	raster_cpu	1.0426828514928241e6	749428.2995104676	886280.4237689013	74942.8299510467
coffee	/Users/rvezy/.julia/artifacts/0fe06e0ad6ecab2e7db5f97aff7d0ee11bb34555/benchmark_scenes/coffee.ops	normal_cpu	46	0.1	0.001	false	true	12	1	4032	118798	1	2.0	2.0	4000000	2000	2000	ok			154410.716666	154410.716666	154410.716666	36504.51203918457	RasterCPUBackend	raster_cpu	1.3387832157906314e7	7.748288422886133e6	1.1379657334220357e7	774828.8422886125
coffee	/Users/rvezy/.julia/artifacts/0fe06e0ad6ecab2e7db5f97aff7d0ee11bb34555/benchmark_scenes/coffee.ops	normal_cpu	46	0.1	0.001	false	true	24	1	4032	118798	1	2.0	2.0	4000000	2000	2000	ok			154437.06475	154437.06475	154437.06475	36538.36665344238	RasterCPUBackend	raster_cpu	2.660632782983784e7	1.5336528615119012e7	2.2615378655362163e7	1.5336528615119e6
coffee	/Users/rvezy/.julia/artifacts/0fe06e0ad6ecab2e7db5f97aff7d0ee11bb34555/benchmark_scenes/coffee.ops	normal_cpu	46	0.1	0.001	false	true	48	1	4032	118798	1	2.0	2.0	4000000	2000	2000	ok			154814.476167	154814.476167	154814.476167	36606.07588195801	RasterCPUBackend	raster_cpu	5.318560339161831e7	3.0611061983288616e7	4.5207762882875554e7	3.061106198328864e6
coffee	/Users/rvezy/.julia/artifacts/0fe06e0ad6ecab2e7db5f97aff7d0ee11bb34555/benchmark_scenes/coffee.ops	normal_cpu	46	0.1	0.001	true	false	1	1	4032	118798	1	2.0	2.0	4000000	2000	2000	ok			291186.903375	291186.903375	291186.903375	70111.06210327148	RasterCPUBackend	raster_cpu	1.184732340796661e6	986639.7003445787	1.0070224896771609e6	98663.97003445802
coffee	/Users/rvezy/.julia/artifacts/0fe06e0ad6ecab2e7db5f97aff7d0ee11bb34555/benchmark_scenes/coffee.ops	normal_cpu	46	0.1	0.001	true	false	12	1	4032	118798	1	2.0	2.0	4000000	2000	2000	ok			3.478623037583e6	3.478623037583e6	3.478623037583e6	840823.8242797852	RasterCPUBackend	raster_cpu	1.521818646438154e7	1.0212148419178754e7	1.2935458494724311e7	1.0212148419178758e6
coffee	/Users/rvezy/.julia/artifacts/0fe06e0ad6ecab2e7db5f97aff7d0ee11bb34555/benchmark_scenes/coffee.ops	normal_cpu	46	0.1	0.001	true	false	24	1	4032	118798	1	2.0	2.0	4000000	2000	2000	ok			6.958500271125e6	6.958500271125e6	6.958500271125e6	1.681489587524414e6	RasterCPUBackend	raster_cpu	3.02426871285042e7	2.02108856302517e7	2.570628405922859e7	2.0210885630251693e6
coffee	/Users/rvezy/.julia/artifacts/0fe06e0ad6ecab2e7db5f97aff7d0ee11bb34555/benchmark_scenes/coffee.ops	normal_cpu	46	0.1	0.001	true	false	48	1	4032	118798	1	2.0	2.0	4000000	2000	2000	ok			1.3899287125125e7	1.3899287125125e7	1.3899287125125e7	3.368912614013672e6	RasterCPUBackend	raster_cpu	6.0454338774979986e7	4.03392383076945e7	5.138618795873298e7	4.0339238307694476e6
coffee	/Users/rvezy/.julia/artifacts/0fe06e0ad6ecab2e7db5f97aff7d0ee11bb34555/benchmark_scenes/coffee.ops	normal_cpu	46	0.1	0.001	true	true	1	1	4032	118798	1	2.0	2.0	4000000	2000	2000	ok			295357.7195	295357.7195	295357.7195	70118.55776977539	RasterCPUBackend	raster_cpu	1.184732340796661e6	986639.7003445787	1.0070224896771609e6	98663.97003445803
coffee	/Users/rvezy/.julia/artifacts/0fe06e0ad6ecab2e7db5f97aff7d0ee11bb34555/benchmark_scenes/coffee.ops	normal_cpu	46	0.1	0.001	true	true	12	1	4032	118798	1	2.0	2.0	4000000	2000	2000	ok			290432.23875	290432.23875	290432.23875	70140.75975036621	RasterCPUBackend	raster_cpu	1.5218186464381538e7	1.0212148419178754e7	1.293545849472431e7	1.0212148419178757e6
coffee	/Users/rvezy/.julia/artifacts/0fe06e0ad6ecab2e7db5f97aff7d0ee11bb34555/benchmark_scenes/coffee.ops	normal_cpu	46	0.1	0.001	true	true	24	1	4032	118798	1	2.0	2.0	4000000	2000	2000	ok			293829.933916	293829.933916	293829.933916	70178.88914489746	RasterCPUBackend	raster_cpu	3.02426871285042e7	2.0210885630251702e7	2.5706284059228595e7	2.0210885630251695e6
coffee	/Users/rvezy/.julia/artifacts/0fe06e0ad6ecab2e7db5f97aff7d0ee11bb34555/benchmark_scenes/coffee.ops	normal_cpu	46	0.1	0.001	true	true	48	1	4032	118798	1	2.0	2.0	4000000	2000	2000	ok			298389.762542	298389.762542	298389.762542	70260.02293395996	RasterCPUBackend	raster_cpu	6.0454338774979986e7	4.03392383076945e7	5.138618795873297e7	4.0339238307694476e6
coffee	/Users/rvezy/.julia/artifacts/0fe06e0ad6ecab2e7db5f97aff7d0ee11bb34555/benchmark_scenes/coffee.ops	normal_cpu	46	0.5	0.005	false	false	1	1	4032	118798	1	2.0	2.0	160000	400	400	ok			1057.630583	1057.630583	1057.630583	226.5489959716797	RasterCPUBackend	raster_cpu	1.0415075726252974e6	748583.5678244325	885281.4367315004	74858.35678244346
coffee	/Users/rvezy/.julia/artifacts/0fe06e0ad6ecab2e7db5f97aff7d0ee11bb34555/benchmark_scenes/coffee.ops	normal_cpu	46	0.5	0.005	false	false	12	1	4032	118798	1	2.0	2.0	160000	400	400	ok			11501.818583	11501.818583	11501.818583	2343.9373321533203	RasterCPUBackend	raster_cpu	1.3372796773313696e7	7.740041447440492e6	1.136687725731665e7	774004.1447440495
coffee	/Users/rvezy/.julia/artifacts/0fe06e0ad6ecab2e7db5f97aff7d0ee11bb34555/benchmark_scenes/coffee.ops	normal_cpu	46	0.5	0.005	false	false	24	1	4032	118798	1	2.0	2.0	160000	400	400	ok			19626.559375	19626.559375	19626.559375	4645.562637329102	RasterCPUBackend	raster_cpu	2.6575949324179646e7	1.5319768443074102e7	2.2589556925552674e7	1.5319768443074098e6
coffee	/Users/rvezy/.julia/artifacts/0fe06e0ad6ecab2e7db5f97aff7d0ee11bb34555/benchmark_scenes/coffee.ops	normal_cpu	46	0.5	0.005	false	false	48	1	4032	118798	1	2.0	2.0	160000	400	400	ok			36532.653625	36532.653625	36532.653625	9254.000747680664	RasterCPUBackend	raster_cpu	5.312451417398777e7	3.0577255328234814e7	4.515583704788959e7	3.05772553282348e6
coffee	/Users/rvezy/.julia/artifacts/0fe06e0ad6ecab2e7db5f97aff7d0ee11bb34555/benchmark_scenes/coffee.ops	normal_cpu	46	0.5	0.005	false	true	1	1	4032	118798	1	2.0	2.0	160000	400	400	ok			748.921167	748.921167	748.921167	215.61508178710938	RasterCPUBackend	raster_cpu	1.0415075726252974e6	748583.5678244325	885281.4367315004	74858.35678244346
coffee	/Users/rvezy/.julia/artifacts/0fe06e0ad6ecab2e7db5f97aff7d0ee11bb34555/benchmark_scenes/coffee.ops	normal_cpu	46	0.5	0.005	false	true	12	1	4032	118798	1	2.0	2.0	160000	400	400	ok			768.909667	768.909667	768.909667	246.6485137939453	RasterCPUBackend	raster_cpu	1.3372796773313696e7	7.740041447440492e6	1.136687725731665e7	774004.1447440495
coffee	/Users/rvezy/.julia/artifacts/0fe06e0ad6ecab2e7db5f97aff7d0ee11bb34555/benchmark_scenes/coffee.ops	normal_cpu	46	0.5	0.005	false	true	24	1	4032	118798	1	2.0	2.0	160000	400	400	ok			784.389833	784.389833	784.389833	280.5031280517578	RasterCPUBackend	raster_cpu	2.6575949324179646e7	1.5319768443074102e7	2.2589556925552674e7	1.5319768443074098e6
coffee	/Users/rvezy/.julia/artifacts/0fe06e0ad6ecab2e7db5f97aff7d0ee11bb34555/benchmark_scenes/coffee.ops	normal_cpu	46	0.5	0.005	false	true	48	1	4032	118798	1	2.0	2.0	160000	400	400	ok			818.283167	818.283167	818.283167	348.2123565673828	RasterCPUBackend	raster_cpu	5.312451417398777e7	3.0577255328234814e7	4.515583704788959e7	3.05772553282348e6
coffee	/Users/rvezy/.julia/artifacts/0fe06e0ad6ecab2e7db5f97aff7d0ee11bb34555/benchmark_scenes/coffee.ops	normal_cpu	46	0.5	0.005	true	false	1	1	4032	118798	1	2.0	2.0	160000	400	400	ok			5887.608708	5887.608708	5887.608708	3131.631805419922	RasterCPUBackend	raster_cpu	1.1834008951565332e6	985536.7598936751	1.0058907608830519e6	98553.67598936755
coffee	/Users/rvezy/.julia/artifacts/0fe06e0ad6ecab2e7db5f97aff7d0ee11bb34555/benchmark_scenes/coffee.ops	normal_cpu	46	0.5	0.005	true	false	12	1	4032	118798	1	2.0	2.0	160000	400	400	ok			72957.388375	72957.388375	72957.388375	37220.161376953125	RasterCPUBackend	raster_cpu	1.5200907989395257e7	1.0201071643519875e7	1.2920771790985964e7	1.0201071643519872e6
coffee	/Users/rvezy/.julia/artifacts/0fe06e0ad6ecab2e7db5f97aff7d0ee11bb34555/benchmark_scenes/coffee.ops	normal_cpu	46	0.5	0.005	true	false	24	1	4032	118798	1	2.0	2.0	160000	400	400	ok			147015.615125	147015.615125	147015.615125	74046.63677978516	RasterCPUBackend	raster_cpu	3.0207774238629356e7	2.0188372339978613e7	2.5676608102834947e7	2.018837233997861e6
coffee	/Users/rvezy/.julia/artifacts/0fe06e0ad6ecab2e7db5f97aff7d0ee11bb34555/benchmark_scenes/coffee.ops	normal_cpu	46	0.5	0.005	true	false	48	1	4032	118798	1	2.0	2.0	160000	400	400	ok			2.5463077897459e7	2.5463077897459e7	2.5463077897459e7	148061.33758544922	RasterCPUBackend	raster_cpu	6.038413458216175e7	4.029383167932753e7	5.132651439483747e7	4.029383167932749e6
coffee	/Users/rvezy/.julia/artifacts/0fe06e0ad6ecab2e7db5f97aff7d0ee11bb34555/benchmark_scenes/coffee.ops	normal_cpu	46	0.5	0.005	true	true	1	1	4032	118798	1	2.0	2.0	160000	400	400	ok			7393.305167	7393.305167	7393.305167	3136.127471923828	RasterCPUBackend	raster_cpu	1.183400895156533e6	985536.7598936751	1.0058907608830519e6	98553.67598936752
coffee	/Users/rvezy/.julia/artifacts/0fe06e0ad6ecab2e7db5f97aff7d0ee11bb34555/benchmark_scenes/coffee.ops	normal_cpu	46	0.5	0.005	true	true	12	1	4032	118798	1	2.0	2.0	160000	400	400	ok			7232.408333	7232.408333	7232.408333	3171.0794525146484	RasterCPUBackend	raster_cpu	1.5200907989395259e7	1.0201071643519875e7	1.2920771790985964e7	1.0201071643519872e6
coffee	/Users/rvezy/.julia/artifacts/0fe06e0ad6ecab2e7db5f97aff7d0ee11bb34555/benchmark_scenes/coffee.ops	normal_cpu	46	0.5	0.005	true	true	24	1	4032	118798	1	2.0	2.0	160000	400	400	ok			7134.427875	7134.427875	7134.427875	3209.2088470458984	RasterCPUBackend	raster_cpu	3.0207774238629356e7	2.0188372339978613e7	2.5676608102834947e7	2.0188372339978605e6
coffee	/Users/rvezy/.julia/artifacts/0fe06e0ad6ecab2e7db5f97aff7d0ee11bb34555/benchmark_scenes/coffee.ops	normal_cpu	46	0.5	0.005	true	true	48	1	4032	118798	1	2.0	2.0	160000	400	400	ok			6502.6885	6502.6885	6502.6885	3285.4676361083984	RasterCPUBackend	raster_cpu	6.0384134582161754e7	4.029383167932753e7	5.132651439483747e7	4.029383167932749e6
coffee	/Users/rvezy/.julia/artifacts/0fe06e0ad6ecab2e7db5f97aff7d0ee11bb34555/benchmark_scenes/coffee.ops	normal_cpu	46	1.0	0.01	false	false	1	1	4032	118798	1	2.0	2.0	40000	200	200	ok			502.744833	502.744833	502.744833	96.69496154785156	RasterCPUBackend	raster_cpu	1.0353758542349101e6	744176.3952313426	880069.4760996688	74417.6395231341
coffee	/Users/rvezy/.julia/artifacts/0fe06e0ad6ecab2e7db5f97aff7d0ee11bb34555/benchmark_scenes/coffee.ops	normal_cpu	46	1.0	0.01	false	false	12	1	4032	118798	1	2.0	2.0	40000	200	200	ok			5922.339459	5922.339459	5922.339459	814.2201690673828	RasterCPUBackend	raster_cpu	1.3314127162109893e7	7.707213324179286e6	1.1317008087793404e7	770721.3324179287
coffee	/Users/rvezy/.julia/artifacts/0fe06e0ad6ecab2e7db5f97aff7d0ee11bb34555/benchmark_scenes/coffee.ops	normal_cpu	46	1.0	0.01	false	false	24	1	4032	118798	1	2.0	2.0	40000	200	200	ok			11841.902541	11841.902541	11841.902541	1591.4408111572266	RasterCPUBackend	raster_cpu	2.645712517766105e7	1.5253062570591949e7	2.2488556401011903e7	1.5253062570591941e6
coffee	/Users/rvezy/.julia/artifacts/0fe06e0ad6ecab2e7db5f97aff7d0ee11bb34555/benchmark_scenes/coffee.ops	normal_cpu	46	1.0	0.01	false	false	48	1	4032	118798	1	2.0	2.0	40000	200	200	ok			24087.49525	24087.49525	24087.49525	3179.225845336914	RasterCPUBackend	raster_cpu	5.288569322074623e7	3.0442972937945962e7	4.495283923763429e7	3.0442972937945956e6
coffee	/Users/rvezy/.julia/artifacts/0fe06e0ad6ecab2e7db5f97aff7d0ee11bb34555/benchmark_scenes/coffee.ops	normal_cpu	46	1.0	0.01	false	true	1	1	4032	118798	1	2.0	2.0	40000	200	200	ok			507.123583	507.123583	507.123583	87.01101684570312	RasterCPUBackend	raster_cpu	1.0353758542349101e6	744176.3952313426	880069.4760996688	74417.6395231341
coffee	/Users/rvezy/.julia/artifacts/0fe06e0ad6ecab2e7db5f97aff7d0ee11bb34555/benchmark_scenes/coffee.ops	normal_cpu	46	1.0	0.01	false	true	12	1	4032	118798	1	2.0	2.0	40000	200	200	ok			511.932125	511.932125	511.932125	118.04444885253906	RasterCPUBackend	raster_cpu	1.3314127162109893e7	7.707213324179286e6	1.1317008087793404e7	770721.3324179287
coffee	/Users/rvezy/.julia/artifacts/0fe06e0ad6ecab2e7db5f97aff7d0ee11bb34555/benchmark_scenes/coffee.ops	normal_cpu	46	1.0	0.01	false	true	24	1	4032	118798	1	2.0	2.0	40000	200	200	ok			528.053917	528.053917	528.053917	151.89906311035156	RasterCPUBackend	raster_cpu	2.645712517766105e7	1.5253062570591949e7	2.2488556401011903e7	1.5253062570591941e6
coffee	/Users/rvezy/.julia/artifacts/0fe06e0ad6ecab2e7db5f97aff7d0ee11bb34555/benchmark_scenes/coffee.ops	normal_cpu	46	1.0	0.01	false	true	48	1	4032	118798	1	2.0	2.0	40000	200	200	ok			562.479125	562.479125	562.479125	219.60829162597656	RasterCPUBackend	raster_cpu	5.288569322074623e7	3.0442972937945962e7	4.495283923763429e7	3.0442972937945956e6
coffee	/Users/rvezy/.julia/artifacts/0fe06e0ad6ecab2e7db5f97aff7d0ee11bb34555/benchmark_scenes/coffee.ops	normal_cpu	46	1.0	0.01	true	false	1	1	4032	118798	1	2.0	2.0	40000	200	200	ok			1817.689375	1817.689375	1817.689375	906.6104125976562	RasterCPUBackend	raster_cpu	1.176358306344186e6	979599.9433039861	999904.5603925542	97959.99433039871
coffee	/Users/rvezy/.julia/artifacts/0fe06e0ad6ecab2e7db5f97aff7d0ee11bb34555/benchmark_scenes/coffee.ops	normal_cpu	46	1.0	0.01	true	false	12	1	4032	118798	1	2.0	2.0	40000	200	200	ok			22270.386291	22270.386291	22270.386291	10532.904663085938	RasterCPUBackend	raster_cpu	1.5133115218710953e7	1.015632414177251e7	1.2863147935904317e7	1.0156324141772499e6
coffee	/Users/rvezy/.julia/artifacts/0fe06e0ad6ecab2e7db5f97aff7d0ee11bb34555/benchmark_scenes/coffee.ops	normal_cpu	46	1.0	0.01	true	false	24	1	4032	118798	1	2.0	2.0	40000	200	200	ok			44726.382458	44726.382458	44726.382458	20832.96710205078	RasterCPUBackend	raster_cpu	3.0070505310009643e7	2.0097469435021143e7	2.5559929513508193e7	2.009746943502115e6
coffee	/Users/rvezy/.julia/artifacts/0fe06e0ad6ecab2e7db5f97aff7d0ee11bb34555/benchmark_scenes/coffee.ops	normal_cpu	46	1.0	0.01	true	false	48	1	4032	118798	1	2.0	2.0	40000	200	200	ok			89816.368292	89816.368292	89816.368292	41672.84197998047	RasterCPUBackend	raster_cpu	6.010827251994011e7	4.011086395080314e7	5.109203164194911e7	4.0110863950803136e6
coffee	/Users/rvezy/.julia/artifacts/0fe06e0ad6ecab2e7db5f97aff7d0ee11bb34555/benchmark_scenes/coffee.ops	normal_cpu	46	1.0	0.01	true	true	1	1	4032	118798	1	2.0	2.0	40000	200	200	ok			1948.661208	1948.661208	1948.661208	918.3247985839844	RasterCPUBackend	raster_cpu	1.176358306344186e6	979599.9433039861	999904.5603925542	97959.99433039871
coffee	/Users/rvezy/.julia/artifacts/0fe06e0ad6ecab2e7db5f97aff7d0ee11bb34555/benchmark_scenes/coffee.ops	normal_cpu	46	1.0	0.01	true	true	12	1	4032	118798	1	2.0	2.0	40000	200	200	ok			1971.4255	1971.4255	1971.4255	953.2767791748047	RasterCPUBackend	raster_cpu	1.5133115218710953e7	1.0156324141772509e7	1.2863147935904317e7	1.0156324141772499e6
coffee	/Users/rvezy/.julia/artifacts/0fe06e0ad6ecab2e7db5f97aff7d0ee11bb34555/benchmark_scenes/coffee.ops	normal_cpu	46	1.0	0.01	true	true	24	1	4032	118798	1	2.0	2.0	40000	200	200	ok			1995.69525	1995.69525	1995.69525	991.4061737060547	RasterCPUBackend	raster_cpu	3.0070505310009643e7	2.0097469435021143e7	2.5559929513508193e7	2.009746943502115e6
coffee	/Users/rvezy/.julia/artifacts/0fe06e0ad6ecab2e7db5f97aff7d0ee11bb34555/benchmark_scenes/coffee.ops	normal_cpu	46	1.0	0.01	true	true	48	1	4032	118798	1	2.0	2.0	40000	200	200	ok			2027.935708	2027.935708	2027.935708	1067.6649627685547	RasterCPUBackend	raster_cpu	6.010827251994011e7	4.0110863950803146e7	5.109203164194911e7	4.0110863950803136e6
coffee	/Users/rvezy/.julia/artifacts/0fe06e0ad6ecab2e7db5f97aff7d0ee11bb34555/benchmark_scenes/coffee.ops	normal_cpu	46	10.0	0.1	false	false	1	1	4032	118798	1	2.0	2.0	400	20	20	ok			315.552833	315.552833	315.552833	54.00749206542969	RasterCPUBackend	raster_cpu	287925.8423768824	206946.6992083841	244736.96602035058	20694.66992083841
coffee	/Users/rvezy/.julia/artifacts/0fe06e0ad6ecab2e7db5f97aff7d0ee11bb34555/benchmark_scenes/coffee.ops	normal_cpu	46	10.0	0.1	false	false	12	1	4032	118798	1	2.0	2.0	400	20	20	ok			3666.738583	3666.738583	3666.738583	307.158203125	RasterCPUBackend	raster_cpu	4.0808456203599786e6	2.407303462017479e6	3.4687187773059825e6	240730.3462017478
coffee	/Users/rvezy/.julia/artifacts/0fe06e0ad6ecab2e7db5f97aff7d0ee11bb34555/benchmark_scenes/coffee.ops	normal_cpu	46	10.0	0.1	false	false	24	1	4032	118798	1	2.0	2.0	400	20	20	ok			7398.024416	7398.024416	7398.024416	572.00439453125	RasterCPUBackend	raster_cpu	8.1067029739777325e6	4.750049498210154e6	6.890697527881074e6	475004.94982101535
coffee	/Users/rvezy/.julia/artifacts/0fe06e0ad6ecab2e7db5f97aff7d0ee11bb34555/benchmark_scenes/coffee.ops	normal_cpu	46	10.0	0.1	false	false	48	1	4032	118798	1	2.0	2.0	400	20	20	ok			14789.761125	14789.761125	14789.761125	1101.69677734375	RasterCPUBackend	raster_cpu	1.624141083012895e7	9.493246236968104e6	1.3805199205609607e7	949324.6236968106
coffee	/Users/rvezy/.julia/artifacts/0fe06e0ad6ecab2e7db5f97aff7d0ee11bb34555/benchmark_scenes/coffee.ops	normal_cpu	46	10.0	0.1	false	true	1	1	4032	118798	1	2.0	2.0	400	20	20	ok			310.328708	310.328708	310.328708	42.80784606933594	RasterCPUBackend	raster_cpu	287925.8423768824	206946.6992083841	244736.96602035058	20694.66992083841
coffee	/Users/rvezy/.julia/artifacts/0fe06e0ad6ecab2e7db5f97aff7d0ee11bb34555/benchmark_scenes/coffee.ops	normal_cpu	46	10.0	0.1	false	true	12	1	4032	118798	1	2.0	2.0	400	20	20	ok			325.7745	325.7745	325.7745	73.84127807617188	RasterCPUBackend	raster_cpu	4.0808456203599786e6	2.407303462017479e6	3.4687187773059825e6	240730.3462017478
coffee	/Users/rvezy/.julia/artifacts/0fe06e0ad6ecab2e7db5f97aff7d0ee11bb34555/benchmark_scenes/coffee.ops	normal_cpu	46	10.0	0.1	false	true	24	1	4032	118798	1	2.0	2.0	400	20	20	ok			340.069875	340.069875	340.069875	107.69589233398438	RasterCPUBackend	raster_cpu	8.1067029739777325e6	4.750049498210154e6	6.890697527881074e6	475004.94982101535
coffee	/Users/rvezy/.julia/artifacts/0fe06e0ad6ecab2e7db5f97aff7d0ee11bb34555/benchmark_scenes/coffee.ops	normal_cpu	46	10.0	0.1	false	true	48	1	4032	118798	1	2.0	2.0	400	20	20	ok			376.093292	376.093292	376.093292	175.40512084960938	RasterCPUBackend	raster_cpu	1.624141083012895e7	9.493246236968104e6	1.3805199205609607e7	949324.6236968106
coffee	/Users/rvezy/.julia/artifacts/0fe06e0ad6ecab2e7db5f97aff7d0ee11bb34555/benchmark_scenes/coffee.ops	normal_cpu	46	10.0	0.1	true	false	1	1	4032	118798	1	2.0	2.0	400	20	20	ok			341.220417	341.220417	341.220417	59.71791076660156	RasterCPUBackend	raster_cpu	326190.91090907645	270843.3413826537	277262.27427271503	27084.334138265353
coffee	/Users/rvezy/.julia/artifacts/0fe06e0ad6ecab2e7db5f97aff7d0ee11bb34555/benchmark_scenes/coffee.ops	normal_cpu	46	10.0	0.1	true	false	12	1	4032	118798	1	2.0	2.0	400	20	20	ok			3995.067208	3995.067208	3995.067208	365.31980895996094	RasterCPUBackend	raster_cpu	4.6258061170284245e6	3.155741008354661e6	3.931935199474157e6	315574.100835466
coffee	/Users/rvezy/.julia/artifacts/0fe06e0ad6ecab2e7db5f97aff7d0ee11bb34555/benchmark_scenes/coffee.ops	normal_cpu	46	10.0	0.1	true	false	24	1	4032	118798	1	2.0	2.0	400	20	20	ok			8023.437	8023.437	8023.437	698.7036590576172	RasterCPUBackend	raster_cpu	9.18900625677811e6	6.22630019520935e6	7.810655318261396e6	622630.0195209349
coffee	/Users/rvezy/.julia/artifacts/0fe06e0ad6ecab2e7db5f97aff7d0ee11bb34555/benchmark_scenes/coffee.ops	normal_cpu	46	10.0	0.1	true	false	48	1	4032	118798	1	2.0	2.0	400	20	20	ok			16147.640875	16147.640875	16147.640875	1365.4713592529297	RasterCPUBackend	raster_cpu	1.8409968176567424e7	1.2443849292633323e7	1.56484729500823e7	1.244384929263332e6
coffee	/Users/rvezy/.julia/artifacts/0fe06e0ad6ecab2e7db5f97aff7d0ee11bb34555/benchmark_scenes/coffee.ops	normal_cpu	46	10.0	0.1	true	true	1	1	4032	118798	1	2.0	2.0	400	20	20	ok			354.457208	354.457208	354.457208	77.10408020019531	RasterCPUBackend	raster_cpu	326190.9109090765	270843.3413826537	277262.27427271503	27084.334138265353
coffee	/Users/rvezy/.julia/artifacts/0fe06e0ad6ecab2e7db5f97aff7d0ee11bb34555/benchmark_scenes/coffee.ops	normal_cpu	46	10.0	0.1	true	true	12	1	4032	118798	1	2.0	2.0	400	20	20	ok			382.377458	382.377458	382.377458	112.05606079101562	RasterCPUBackend	raster_cpu	4.6258061170284245e6	3.155741008354661e6	3.931935199474157e6	315574.100835466
coffee	/Users/rvezy/.julia/artifacts/0fe06e0ad6ecab2e7db5f97aff7d0ee11bb34555/benchmark_scenes/coffee.ops	normal_cpu	46	10.0	0.1	true	true	24	1	4032	118798	1	2.0	2.0	400	20	20	ok			395.985875	395.985875	395.985875	150.18545532226562	RasterCPUBackend	raster_cpu	9.18900625677811e6	6.22630019520935e6	7.810655318261396e6	622630.0195209349
coffee	/Users/rvezy/.julia/artifacts/0fe06e0ad6ecab2e7db5f97aff7d0ee11bb34555/benchmark_scenes/coffee.ops	normal_cpu	46	10.0	0.1	true	true	48	1	4032	118798	1	2.0	2.0	400	20	20	ok			431.244583	431.244583	431.244583	226.44424438476562	RasterCPUBackend	raster_cpu	1.8409968176567424e7	1.2443849292633323e7	1.56484729500823e7	1.244384929263332e6
coffee	/Users/rvezy/.julia/artifacts/0fe06e0ad6ecab2e7db5f97aff7d0ee11bb34555/benchmark_scenes/coffee.ops	normal_cpu	136	0.1	0.001	false	false	1	1	4032	118798	1	2.0	2.0	4000000	2000	2000	ok			634413.474209	634413.474209	634413.474209	131463.27729797363	RasterCPUBackend	raster_cpu	1.0259096070819905e6	737372.5300901798	872023.1660196887	73737.25300901789
coffee	/Users/rvezy/.julia/artifacts/0fe06e0ad6ecab2e7db5f97aff7d0ee11bb34555/benchmark_scenes/coffee.ops	normal_cpu	136	0.1	0.001	false	false	12	1	4032	118798	1	2.0	2.0	4000000	2000	2000	skipped_huge_case		skipped by ARCHIMEDLIGHT_ARTIFACT_BENCH_SKIP_HUGE_CASES: scattering=false, cache_radiation=false, directions=136, simulated_hours=6.0	NaN	NaN	NaN	NaN		none	NaN	NaN	NaN	NaN
coffee	/Users/rvezy/.julia/artifacts/0fe06e0ad6ecab2e7db5f97aff7d0ee11bb34555/benchmark_scenes/coffee.ops	normal_cpu	136	0.1	0.001	false	false	24	1	4032	118798	1	2.0	2.0	4000000	2000	2000	skipped_huge_case		skipped by ARCHIMEDLIGHT_ARTIFACT_BENCH_SKIP_HUGE_CASES: scattering=false, cache_radiation=false, directions=136, simulated_hours=12.0	NaN	NaN	NaN	NaN		none	NaN	NaN	NaN	NaN
coffee	/Users/rvezy/.julia/artifacts/0fe06e0ad6ecab2e7db5f97aff7d0ee11bb34555/benchmark_scenes/coffee.ops	normal_cpu	136	0.1	0.001	false	false	48	1	4032	118798	1	2.0	2.0	4000000	2000	2000	skipped_huge_case		skipped by ARCHIMEDLIGHT_ARTIFACT_BENCH_SKIP_HUGE_CASES: scattering=false, cache_radiation=false, directions=136, simulated_hours=24.0	NaN	NaN	NaN	NaN		none	NaN	NaN	NaN	NaN
coffee	/Users/rvezy/.julia/artifacts/0fe06e0ad6ecab2e7db5f97aff7d0ee11bb34555/benchmark_scenes/coffee.ops	normal_cpu	136	0.1	0.001	false	true	1	1	4032	118798	1	2.0	2.0	4000000	2000	2000	ok			681387.444958	681387.444958	681387.444958	131469.72030639648	RasterCPUBackend	raster_cpu	1.0259096070819905e6	737372.5300901798	872023.1660196887	73737.25300901789
coffee	/Users/rvezy/.julia/artifacts/0fe06e0ad6ecab2e7db5f97aff7d0ee11bb34555/benchmark_scenes/coffee.ops	normal_cpu	136	0.1	0.001	false	true	12	1	4032	118798	1	2.0	2.0	4000000	2000	2000	ok			658584.317	658584.317	658584.317	131501.54731750488	RasterCPUBackend	raster_cpu	1.3544866668786533e7	7.860640873158601e6	1.1513136668468542e7	786064.08731586
coffee	/Users/rvezy/.julia/artifacts/0fe06e0ad6ecab2e7db5f97aff7d0ee11bb34555/benchmark_scenes/coffee.ops	normal_cpu	136	0.1	0.001	false	true	24	1	4032	118798	1	2.0	2.0	4000000	2000	2000	ok			669365.573667	669365.573667	669365.573667	131536.26765441895	RasterCPUBackend	raster_cpu	2.6809653880894348e7	1.5469868260244472e7	2.278820579876019e7	1.5469868260244466e6
coffee	/Users/rvezy/.julia/artifacts/0fe06e0ad6ecab2e7db5f97aff7d0ee11bb34555/benchmark_scenes/coffee.ops	normal_cpu	136	0.1	0.001	false	true	48	1	4032	118798	1	2.0	2.0	4000000	2000	2000	ok			646220.074042	646220.074042	646220.074042	131605.70832824707	RasterCPUBackend	raster_cpu	5.3807017061095156e7	3.1033500684267916e7	4.573596450193086e7	3.1033500684267925e6
coffee	/Users/rvezy/.julia/artifacts/0fe06e0ad6ecab2e7db5f97aff7d0ee11bb34555/benchmark_scenes/coffee.ops	normal_cpu	136	0.1	0.001	true	false	1	1	4032	118798	1	2.0	2.0	4000000	2000	2000	ok			1.176821622458e6	1.176821622458e6	1.176821622458e6	273262.25413513184	RasterCPUBackend	raster_cpu	1.1755803949962032e6	989819.1521407791	999243.335746775	98981.915214078
coffee	/Users/rvezy/.julia/artifacts/0fe06e0ad6ecab2e7db5f97aff7d0ee11bb34555/benchmark_scenes/coffee.ops	normal_cpu	136	0.1	0.001	true	false	12	1	4032	118798	1	2.0	2.0	4000000	2000	2000	skipped_huge_case		skipped by ARCHIMEDLIGHT_ARTIFACT_BENCH_SKIP_HUGE_CASES: scattering=true, cache_radiation=false, directions=136, simulated_hours=6.0	NaN	NaN	NaN	NaN		none	NaN	NaN	NaN	NaN
coffee	/Users/rvezy/.julia/artifacts/0fe06e0ad6ecab2e7db5f97aff7d0ee11bb34555/benchmark_scenes/coffee.ops	normal_cpu	136	0.1	0.001	true	false	24	1	4032	118798	1	2.0	2.0	4000000	2000	2000	skipped_huge_case		skipped by ARCHIMEDLIGHT_ARTIFACT_BENCH_SKIP_HUGE_CASES: scattering=true, cache_radiation=false, directions=136, simulated_hours=12.0	NaN	NaN	NaN	NaN		none	NaN	NaN	NaN	NaN
coffee	/Users/rvezy/.julia/artifacts/0fe06e0ad6ecab2e7db5f97aff7d0ee11bb34555/benchmark_scenes/coffee.ops	normal_cpu	136	0.1	0.001	true	false	48	1	4032	118798	1	2.0	2.0	4000000	2000	2000	skipped_huge_case		skipped by ARCHIMEDLIGHT_ARTIFACT_BENCH_SKIP_HUGE_CASES: scattering=true, cache_radiation=false, directions=136, simulated_hours=24.0	NaN	NaN	NaN	NaN		none	NaN	NaN	NaN	NaN
coffee	/Users/rvezy/.julia/artifacts/0fe06e0ad6ecab2e7db5f97aff7d0ee11bb34555/benchmark_scenes/coffee.ops	normal_cpu	136	0.1	0.001	true	true	1	1	4032	118798	1	2.0	2.0	4000000	2000	2000	ok			1.16526883925e6	1.16526883925e6	1.16526883925e6	273792.55085754395	RasterCPUBackend	raster_cpu	1.1755803949962032e6	989819.152140779	999243.335746775	98981.91521407799
coffee	/Users/rvezy/.julia/artifacts/0fe06e0ad6ecab2e7db5f97aff7d0ee11bb34555/benchmark_scenes/coffee.ops	normal_cpu	136	0.1	0.001	true	true	12	1	4032	118798	1	2.0	2.0	4000000	2000	2000	skipped_huge_case		skipped by ARCHIMEDLIGHT_ARTIFACT_BENCH_SKIP_HUGE_CASES: scattering=true, cache_radiation=true, directions=136, simulated_hours=6.0	NaN	NaN	NaN	NaN		none	NaN	NaN	NaN	NaN
coffee	/Users/rvezy/.julia/artifacts/0fe06e0ad6ecab2e7db5f97aff7d0ee11bb34555/benchmark_scenes/coffee.ops	normal_cpu	136	0.1	0.001	true	true	24	1	4032	118798	1	2.0	2.0	4000000	2000	2000	skipped_huge_case		skipped by ARCHIMEDLIGHT_ARTIFACT_BENCH_SKIP_HUGE_CASES: scattering=true, cache_radiation=true, directions=136, simulated_hours=12.0	NaN	NaN	NaN	NaN		none	NaN	NaN	NaN	NaN
coffee	/Users/rvezy/.julia/artifacts/0fe06e0ad6ecab2e7db5f97aff7d0ee11bb34555/benchmark_scenes/coffee.ops	normal_cpu	136	0.1	0.001	true	true	48	1	4032	118798	1	2.0	2.0	4000000	2000	2000	skipped_huge_case		skipped by ARCHIMEDLIGHT_ARTIFACT_BENCH_SKIP_HUGE_CASES: scattering=true, cache_radiation=true, directions=136, simulated_hours=24.0	NaN	NaN	NaN	NaN		none	NaN	NaN	NaN	NaN
coffee	/Users/rvezy/.julia/artifacts/0fe06e0ad6ecab2e7db5f97aff7d0ee11bb34555/benchmark_scenes/coffee.ops	normal_cpu	136	0.5	0.005	false	false	1	1	4032	118798	1	2.0	2.0	160000	400	400	ok			2793.563292	2793.563292	2793.563292	571.5359344482422	RasterCPUBackend	raster_cpu	1.0246168616173962e6	736443.3692875066	870924.3323747879	73644.33692875049
coffee	/Users/rvezy/.julia/artifacts/0fe06e0ad6ecab2e7db5f97aff7d0ee11bb34555/benchmark_scenes/coffee.ops	normal_cpu	136	0.5	0.005	false	false	12	1	4032	118798	1	2.0	2.0	160000	400	400	skipped_huge_case		skipped by ARCHIMEDLIGHT_ARTIFACT_BENCH_SKIP_HUGE_CASES: scattering=false, cache_radiation=false, directions=136, simulated_hours=6.0	NaN	NaN	NaN	NaN		none	NaN	NaN	NaN	NaN
coffee	/Users/rvezy/.julia/artifacts/0fe06e0ad6ecab2e7db5f97aff7d0ee11bb34555/benchmark_scenes/coffee.ops	normal_cpu	136	0.5	0.005	false	false	24	1	4032	118798	1	2.0	2.0	160000	400	400	skipped_huge_case		skipped by ARCHIMEDLIGHT_ARTIFACT_BENCH_SKIP_HUGE_CASES: scattering=false, cache_radiation=false, directions=136, simulated_hours=12.0	NaN	NaN	NaN	NaN		none	NaN	NaN	NaN	NaN
coffee	/Users/rvezy/.julia/artifacts/0fe06e0ad6ecab2e7db5f97aff7d0ee11bb34555/benchmark_scenes/coffee.ops	normal_cpu	136	0.5	0.005	false	false	48	1	4032	118798	1	2.0	2.0	160000	400	400	skipped_huge_case		skipped by ARCHIMEDLIGHT_ARTIFACT_BENCH_SKIP_HUGE_CASES: scattering=false, cache_radiation=false, directions=136, simulated_hours=24.0	NaN	NaN	NaN	NaN		none	NaN	NaN	NaN	NaN
coffee	/Users/rvezy/.julia/artifacts/0fe06e0ad6ecab2e7db5f97aff7d0ee11bb34555/benchmark_scenes/coffee.ops	normal_cpu	136	0.5	0.005	false	true	1	1	4032	118798	1	2.0	2.0	160000	400	400	ok			2784.02	2784.02	2784.02	571.57275390625	RasterCPUBackend	raster_cpu	1.0246168616173962e6	736443.3692875066	870924.3323747879	73644.33692875049
coffee	/Users/rvezy/.julia/artifacts/0fe06e0ad6ecab2e7db5f97aff7d0ee11bb34555/benchmark_scenes/coffee.ops	normal_cpu	136	0.5	0.005	false	true	12	1	4032	118798	1	2.0	2.0	160000	400	400	ok			2797.199916	2797.199916	2797.199916	603.3997650146484	RasterCPUBackend	raster_cpu	1.3531152969187435e7	7.853159323659132e6	1.150148002380933e7	785315.9323659134
coffee	/Users/rvezy/.julia/artifacts/0fe06e0ad6ecab2e7db5f97aff7d0ee11bb34555/benchmark_scenes/coffee.ops	normal_cpu	136	0.5	0.005	false	true	24	1	4032	118798	1	2.0	2.0	160000	400	400	ok			2853.18575	2853.18575	2853.18575	638.1201019287109	RasterCPUBackend	raster_cpu	2.6781507380600225e7	1.5454355740426363e7	2.27642812735102e7	1.5454355740426367e6
coffee	/Users/rvezy/.julia/artifacts/0fe06e0ad6ecab2e7db5f97aff7d0ee11bb34555/benchmark_scenes/coffee.ops	normal_cpu	136	0.5	0.005	false	true	48	1	4032	118798	1	2.0	2.0	160000	400	400	ok			2847.499458	2847.499458	2847.499458	707.5607757568359	RasterCPUBackend	raster_cpu	5.375029177984257e7	3.1002111810174067e7	4.568774801286613e7	3.1002111810174063e6
coffee	/Users/rvezy/.julia/artifacts/0fe06e0ad6ecab2e7db5f97aff7d0ee11bb34555/benchmark_scenes/coffee.ops	normal_cpu	136	0.5	0.005	true	false	1	1	4032	118798	1	2.0	2.0	160000	400	400	ok			25736.234875	25736.234875	25736.234875	12112.250076293945	RasterCPUBackend	raster_cpu	1.174100134254591e6	988576.0189557497	997985.1141164014	98857.6018955751
coffee	/Users/rvezy/.julia/artifacts/0fe06e0ad6ecab2e7db5f97aff7d0ee11bb34555/benchmark_scenes/coffee.ops	normal_cpu	136	0.5	0.005	true	false	12	1	4032	118798	1	2.0	2.0	160000	400	400	skipped_huge_case		skipped by ARCHIMEDLIGHT_ARTIFACT_BENCH_SKIP_HUGE_CASES: scattering=true, cache_radiation=false, directions=136, simulated_hours=6.0	NaN	NaN	NaN	NaN		none	NaN	NaN	NaN	NaN
coffee	/Users/rvezy/.julia/artifacts/0fe06e0ad6ecab2e7db5f97aff7d0ee11bb34555/benchmark_scenes/coffee.ops	normal_cpu	136	0.5	0.005	true	false	24	1	4032	118798	1	2.0	2.0	160000	400	400	skipped_huge_case		skipped by ARCHIMEDLIGHT_ARTIFACT_BENCH_SKIP_HUGE_CASES: scattering=true, cache_radiation=false, directions=136, simulated_hours=12.0	NaN	NaN	NaN	NaN		none	NaN	NaN	NaN	NaN
coffee	/Users/rvezy/.julia/artifacts/0fe06e0ad6ecab2e7db5f97aff7d0ee11bb34555/benchmark_scenes/coffee.ops	normal_cpu	136	0.5	0.005	true	false	48	1	4032	118798	1	2.0	2.0	160000	400	400	skipped_huge_case		skipped by ARCHIMEDLIGHT_ARTIFACT_BENCH_SKIP_HUGE_CASES: scattering=true, cache_radiation=false, directions=136, simulated_hours=24.0	NaN	NaN	NaN	NaN		none	NaN	NaN	NaN	NaN
coffee	/Users/rvezy/.julia/artifacts/0fe06e0ad6ecab2e7db5f97aff7d0ee11bb34555/benchmark_scenes/coffee.ops	normal_cpu	136	0.5	0.005	true	true	1	1	4032	118798	1	2.0	2.0	160000	400	400	ok			27026.685875	27026.685875	27026.685875	12180.687423706055	RasterCPUBackend	raster_cpu	1.174100134254591e6	988576.0189557497	997985.1141164014	98857.60189557512
coffee	/Users/rvezy/.julia/artifacts/0fe06e0ad6ecab2e7db5f97aff7d0ee11bb34555/benchmark_scenes/coffee.ops	normal_cpu	136	0.5	0.005	true	true	12	1	4032	118798	1	2.0	2.0	160000	400	400	skipped_huge_case		skipped by ARCHIMEDLIGHT_ARTIFACT_BENCH_SKIP_HUGE_CASES: scattering=true, cache_radiation=true, directions=136, simulated_hours=6.0	NaN	NaN	NaN	NaN		none	NaN	NaN	NaN	NaN
coffee	/Users/rvezy/.julia/artifacts/0fe06e0ad6ecab2e7db5f97aff7d0ee11bb34555/benchmark_scenes/coffee.ops	normal_cpu	136	0.5	0.005	true	true	24	1	4032	118798	1	2.0	2.0	160000	400	400	skipped_huge_case		skipped by ARCHIMEDLIGHT_ARTIFACT_BENCH_SKIP_HUGE_CASES: scattering=true, cache_radiation=true, directions=136, simulated_hours=12.0	NaN	NaN	NaN	NaN		none	NaN	NaN	NaN	NaN
coffee	/Users/rvezy/.julia/artifacts/0fe06e0ad6ecab2e7db5f97aff7d0ee11bb34555/benchmark_scenes/coffee.ops	normal_cpu	136	0.5	0.005	true	true	48	1	4032	118798	1	2.0	2.0	160000	400	400	skipped_huge_case		skipped by ARCHIMEDLIGHT_ARTIFACT_BENCH_SKIP_HUGE_CASES: scattering=true, cache_radiation=true, directions=136, simulated_hours=24.0	NaN	NaN	NaN	NaN		none	NaN	NaN	NaN	NaN
coffee	/Users/rvezy/.julia/artifacts/0fe06e0ad6ecab2e7db5f97aff7d0ee11bb34555/benchmark_scenes/coffee.ops	normal_cpu	136	1.0	0.01	false	false	1	1	4032	118798	1	2.0	2.0	40000	200	200	ok			1640.811916	1640.811916	1640.811916	195.26734924316406	RasterCPUBackend	raster_cpu	1.0175535516685375e6	731366.6152617598	864920.518918256	73136.66152617613
coffee	/Users/rvezy/.julia/artifacts/0fe06e0ad6ecab2e7db5f97aff7d0ee11bb34555/benchmark_scenes/coffee.ops	normal_cpu	136	1.0	0.01	false	false	12	1	4032	118798	1	2.0	2.0	40000	200	200	skipped_huge_case		skipped by ARCHIMEDLIGHT_ARTIFACT_BENCH_SKIP_HUGE_CASES: scattering=false, cache_radiation=false, directions=136, simulated_hours=6.0	NaN	NaN	NaN	NaN		none	NaN	NaN	NaN	NaN
coffee	/Users/rvezy/.julia/artifacts/0fe06e0ad6ecab2e7db5f97aff7d0ee11bb34555/benchmark_scenes/coffee.ops	normal_cpu	136	1.0	0.01	false	false	24	1	4032	118798	1	2.0	2.0	40000	200	200	skipped_huge_case		skipped by ARCHIMEDLIGHT_ARTIFACT_BENCH_SKIP_HUGE_CASES: scattering=false, cache_radiation=false, directions=136, simulated_hours=12.0	NaN	NaN	NaN	NaN		none	NaN	NaN	NaN	NaN
coffee	/Users/rvezy/.julia/artifacts/0fe06e0ad6ecab2e7db5f97aff7d0ee11bb34555/benchmark_scenes/coffee.ops	normal_cpu	136	1.0	0.01	false	false	48	1	4032	118798	1	2.0	2.0	40000	200	200	skipped_huge_case		skipped by ARCHIMEDLIGHT_ARTIFACT_BENCH_SKIP_HUGE_CASES: scattering=false, cache_radiation=false, directions=136, simulated_hours=24.0	NaN	NaN	NaN	NaN		none	NaN	NaN	NaN	NaN
coffee	/Users/rvezy/.julia/artifacts/0fe06e0ad6ecab2e7db5f97aff7d0ee11bb34555/benchmark_scenes/coffee.ops	normal_cpu	136	1.0	0.01	false	true	1	1	4032	118798	1	2.0	2.0	40000	200	200	ok			1638.680375	1638.680375	1638.680375	191.11663818359375	RasterCPUBackend	raster_cpu	1.0175535516685375e6	731366.6152617598	864920.518918256	73136.66152617613
coffee	/Users/rvezy/.julia/artifacts/0fe06e0ad6ecab2e7db5f97aff7d0ee11bb34555/benchmark_scenes/coffee.ops	normal_cpu	136	1.0	0.01	false	true	12	1	4032	118798	1	2.0	2.0	40000	200	200	ok			1656.323209	1656.323209	1656.323209	222.9436492919922	RasterCPUBackend	raster_cpu	1.34644295456009e7	7.815871491449204e6	1.1444765113760773e7	781587.1491449202
coffee	/Users/rvezy/.julia/artifacts/0fe06e0ad6ecab2e7db5f97aff7d0ee11bb34555/benchmark_scenes/coffee.ops	normal_cpu	136	1.0	0.01	false	true	24	1	4032	118798	1	2.0	2.0	40000	200	200	ok			1681.805834	1681.805834	1681.805834	257.6639862060547	RasterCPUBackend	raster_cpu	2.664757881405147e7	1.5379442163539287e7	2.265044199194376e7	1.53794421635393e6
coffee	/Users/rvezy/.julia/artifacts/0fe06e0ad6ecab2e7db5f97aff7d0ee11bb34555/benchmark_scenes/coffee.ops	normal_cpu	136	1.0	0.01	false	true	48	1	4032	118798	1	2.0	2.0	40000	200	200	ok			1726.10575	1726.10575	1726.10575	327.1046600341797	RasterCPUBackend	raster_cpu	5.3483877106151335e7	3.085339357225467e7	4.546129554022861e7	3.0853393572254693e6
coffee	/Users/rvezy/.julia/artifacts/0fe06e0ad6ecab2e7db5f97aff7d0ee11bb34555/benchmark_scenes/coffee.ops	normal_cpu	136	1.0	0.01	true	false	1	1	4032	118798	1	2.0	2.0	40000	200	200	ok			6806.579083	6806.579083	6806.579083	3245.189651489258	RasterCPUBackend	raster_cpu	1.1659408889904735e6	981643.7436363933	991049.7556419029	98164.37436363882
coffee	/Users/rvezy/.julia/artifacts/0fe06e0ad6ecab2e7db5f97aff7d0ee11bb34555/benchmark_scenes/coffee.ops	normal_cpu	136	1.0	0.01	true	false	12	1	4032	118798	1	2.0	2.0	40000	200	200	skipped_huge_case		skipped by ARCHIMEDLIGHT_ARTIFACT_BENCH_SKIP_HUGE_CASES: scattering=true, cache_radiation=false, directions=136, simulated_hours=6.0	NaN	NaN	NaN	NaN		none	NaN	NaN	NaN	NaN
coffee	/Users/rvezy/.julia/artifacts/0fe06e0ad6ecab2e7db5f97aff7d0ee11bb34555/benchmark_scenes/coffee.ops	normal_cpu	136	1.0	0.01	true	false	24	1	4032	118798	1	2.0	2.0	40000	200	200	skipped_huge_case		skipped by ARCHIMEDLIGHT_ARTIFACT_BENCH_SKIP_HUGE_CASES: scattering=true, cache_radiation=false, directions=136, simulated_hours=12.0	NaN	NaN	NaN	NaN		none	NaN	NaN	NaN	NaN
coffee	/Users/rvezy/.julia/artifacts/0fe06e0ad6ecab2e7db5f97aff7d0ee11bb34555/benchmark_scenes/coffee.ops	normal_cpu	136	1.0	0.01	true	false	48	1	4032	118798	1	2.0	2.0	40000	200	200	skipped_huge_case		skipped by ARCHIMEDLIGHT_ARTIFACT_BENCH_SKIP_HUGE_CASES: scattering=true, cache_radiation=false, directions=136, simulated_hours=24.0	NaN	NaN	NaN	NaN		none	NaN	NaN	NaN	NaN
coffee	/Users/rvezy/.julia/artifacts/0fe06e0ad6ecab2e7db5f97aff7d0ee11bb34555/benchmark_scenes/coffee.ops	normal_cpu	136	1.0	0.01	true	true	1	1	4032	118798	1	2.0	2.0	40000	200	200	ok			8205.933167	8205.933167	8205.933167	3313.017593383789	RasterCPUBackend	raster_cpu	1.1659408889904735e6	981643.7436363933	991049.7556419029	98164.37436363882
coffee	/Users/rvezy/.julia/artifacts/0fe06e0ad6ecab2e7db5f97aff7d0ee11bb34555/benchmark_scenes/coffee.ops	normal_cpu	136	1.0	0.01	true	true	12	1	4032	118798	1	2.0	2.0	40000	200	200	skipped_huge_case		skipped by ARCHIMEDLIGHT_ARTIFACT_BENCH_SKIP_HUGE_CASES: scattering=true, cache_radiation=true, directions=136, simulated_hours=6.0	NaN	NaN	NaN	NaN		none	NaN	NaN	NaN	NaN
coffee	/Users/rvezy/.julia/artifacts/0fe06e0ad6ecab2e7db5f97aff7d0ee11bb34555/benchmark_scenes/coffee.ops	normal_cpu	136	1.0	0.01	true	true	24	1	4032	118798	1	2.0	2.0	40000	200	200	skipped_huge_case		skipped by ARCHIMEDLIGHT_ARTIFACT_BENCH_SKIP_HUGE_CASES: scattering=true, cache_radiation=true, directions=136, simulated_hours=12.0	NaN	NaN	NaN	NaN		none	NaN	NaN	NaN	NaN
coffee	/Users/rvezy/.julia/artifacts/0fe06e0ad6ecab2e7db5f97aff7d0ee11bb34555/benchmark_scenes/coffee.ops	normal_cpu	136	1.0	0.01	true	true	48	1	4032	118798	1	2.0	2.0	40000	200	200	skipped_huge_case		skipped by ARCHIMEDLIGHT_ARTIFACT_BENCH_SKIP_HUGE_CASES: scattering=true, cache_radiation=true, directions=136, simulated_hours=24.0	NaN	NaN	NaN	NaN		none	NaN	NaN	NaN	NaN
coffee	/Users/rvezy/.julia/artifacts/0fe06e0ad6ecab2e7db5f97aff7d0ee11bb34555/benchmark_scenes/coffee.ops	normal_cpu	136	10.0	0.1	false	false	1	1	4032	118798	1	2.0	2.0	400	20	20	ok			903.316083	903.316083	903.316083	69.01033020019531	RasterCPUBackend	raster_cpu	283585.90351702063	203827.36815285822	241048.0179894679	20382.736815285858
coffee	/Users/rvezy/.julia/artifacts/0fe06e0ad6ecab2e7db5f97aff7d0ee11bb34555/benchmark_scenes/coffee.ops	normal_cpu	136	10.0	0.1	false	false	12	1	4032	118798	1	2.0	2.0	400	20	20	skipped_huge_case		skipped by ARCHIMEDLIGHT_ARTIFACT_BENCH_SKIP_HUGE_CASES: scattering=false, cache_radiation=false, directions=136, simulated_hours=6.0	NaN	NaN	NaN	NaN		none	NaN	NaN	NaN	NaN
coffee	/Users/rvezy/.julia/artifacts/0fe06e0ad6ecab2e7db5f97aff7d0ee11bb34555/benchmark_scenes/coffee.ops	normal_cpu	136	10.0	0.1	false	false	24	1	4032	118798	1	2.0	2.0	400	20	20	skipped_huge_case		skipped by ARCHIMEDLIGHT_ARTIFACT_BENCH_SKIP_HUGE_CASES: scattering=false, cache_radiation=false, directions=136, simulated_hours=12.0	NaN	NaN	NaN	NaN		none	NaN	NaN	NaN	NaN
coffee	/Users/rvezy/.julia/artifacts/0fe06e0ad6ecab2e7db5f97aff7d0ee11bb34555/benchmark_scenes/coffee.ops	normal_cpu	136	10.0	0.1	false	false	48	1	4032	118798	1	2.0	2.0	400	20	20	skipped_huge_case		skipped by ARCHIMEDLIGHT_ARTIFACT_BENCH_SKIP_HUGE_CASES: scattering=false, cache_radiation=false, directions=136, simulated_hours=24.0	NaN	NaN	NaN	NaN		none	NaN	NaN	NaN	NaN
coffee	/Users/rvezy/.julia/artifacts/0fe06e0ad6ecab2e7db5f97aff7d0ee11bb34555/benchmark_scenes/coffee.ops	normal_cpu	136	10.0	0.1	false	true	1	1	4032	118798	1	2.0	2.0	400	20	20	ok			901.174625	901.174625	901.174625	58.65641784667969	RasterCPUBackend	raster_cpu	283585.90351702063	203827.36815285822	241048.0179894679	20382.736815285858
coffee	/Users/rvezy/.julia/artifacts/0fe06e0ad6ecab2e7db5f97aff7d0ee11bb34555/benchmark_scenes/coffee.ops	normal_cpu	136	10.0	0.1	false	true	12	1	4032	118798	1	2.0	2.0	400	20	20	ok			915.314666	915.314666	915.314666	90.48342895507812	RasterCPUBackend	raster_cpu	4.233246221039961e6	2.5362959542342094e6	3.598259287883967e6	253629.5954234212
coffee	/Users/rvezy/.julia/artifacts/0fe06e0ad6ecab2e7db5f97aff7d0ee11bb34555/benchmark_scenes/coffee.ops	normal_cpu	136	10.0	0.1	false	true	24	1	4032	118798	1	2.0	2.0	400	20	20	ok			933.270417	933.270417	933.270417	125.20376586914062	RasterCPUBackend	raster_cpu	8.176257039401741e6	4.829819866574631e6	6.949818483491484e6	482981.9866574627
coffee	/Users/rvezy/.julia/artifacts/0fe06e0ad6ecab2e7db5f97aff7d0ee11bb34555/benchmark_scenes/coffee.ops	normal_cpu	136	10.0	0.1	false	true	48	1	4032	118798	1	2.0	2.0	400	20	20	ok			965.470084	965.470084	965.470084	194.64443969726562	RasterCPUBackend	raster_cpu	1.6495183146154922e7	9.735998382350525e6	1.4020905674231682e7	973599.838235052
coffee	/Users/rvezy/.julia/artifacts/0fe06e0ad6ecab2e7db5f97aff7d0ee11bb34555/benchmark_scenes/coffee.ops	normal_cpu	136	10.0	0.1	true	false	1	1	4032	118798	1	2.0	2.0	400	20	20	ok			1023.511	1023.511	1023.511	108.27798461914062	RasterCPUBackend	raster_cpu	324455.62797985616	272733.91281671036	275787.28378287744	27273.391281671047
coffee	/Users/rvezy/.julia/artifacts/0fe06e0ad6ecab2e7db5f97aff7d0ee11bb34555/benchmark_scenes/coffee.ops	normal_cpu	136	10.0	0.1	true	false	12	1	4032	118798	1	2.0	2.0	400	20	20	skipped_huge_case		skipped by ARCHIMEDLIGHT_ARTIFACT_BENCH_SKIP_HUGE_CASES: scattering=true, cache_radiation=false, directions=136, simulated_hours=6.0	NaN	NaN	NaN	NaN		none	NaN	NaN	NaN	NaN
coffee	/Users/rvezy/.julia/artifacts/0fe06e0ad6ecab2e7db5f97aff7d0ee11bb34555/benchmark_scenes/coffee.ops	normal_cpu	136	10.0	0.1	true	false	24	1	4032	118798	1	2.0	2.0	400	20	20	skipped_huge_case		skipped by ARCHIMEDLIGHT_ARTIFACT_BENCH_SKIP_HUGE_CASES: scattering=true, cache_radiation=false, directions=136, simulated_hours=12.0	NaN	NaN	NaN	NaN		none	NaN	NaN	NaN	NaN
coffee	/Users/rvezy/.julia/artifacts/0fe06e0ad6ecab2e7db5f97aff7d0ee11bb34555/benchmark_scenes/coffee.ops	normal_cpu	136	10.0	0.1	true	false	48	1	4032	118798	1	2.0	2.0	400	20	20	skipped_huge_case		skipped by ARCHIMEDLIGHT_ARTIFACT_BENCH_SKIP_HUGE_CASES: scattering=true, cache_radiation=false, directions=136, simulated_hours=24.0	NaN	NaN	NaN	NaN		none	NaN	NaN	NaN	NaN
coffee	/Users/rvezy/.julia/artifacts/0fe06e0ad6ecab2e7db5f97aff7d0ee11bb34555/benchmark_scenes/coffee.ops	normal_cpu	136	10.0	0.1	true	true	1	1	4032	118798	1	2.0	2.0	400	20	20	ok			1153.431625	1153.431625	1153.431625	170.0902099609375	RasterCPUBackend	raster_cpu	324455.62797985616	272733.9128167104	275787.28378287744	27273.391281671047
coffee	/Users/rvezy/.julia/artifacts/0fe06e0ad6ecab2e7db5f97aff7d0ee11bb34555/benchmark_scenes/coffee.ops	normal_cpu	136	10.0	0.1	true	true	12	1	4032	118798	1	2.0	2.0	400	20	20	skipped_huge_case		skipped by ARCHIMEDLIGHT_ARTIFACT_BENCH_SKIP_HUGE_CASES: scattering=true, cache_radiation=true, directions=136, simulated_hours=6.0	NaN	NaN	NaN	NaN		none	NaN	NaN	NaN	NaN
coffee	/Users/rvezy/.julia/artifacts/0fe06e0ad6ecab2e7db5f97aff7d0ee11bb34555/benchmark_scenes/coffee.ops	normal_cpu	136	10.0	0.1	true	true	24	1	4032	118798	1	2.0	2.0	400	20	20	skipped_huge_case		skipped by ARCHIMEDLIGHT_ARTIFACT_BENCH_SKIP_HUGE_CASES: scattering=true, cache_radiation=true, directions=136, simulated_hours=12.0	NaN	NaN	NaN	NaN		none	NaN	NaN	NaN	NaN
coffee	/Users/rvezy/.julia/artifacts/0fe06e0ad6ecab2e7db5f97aff7d0ee11bb34555/benchmark_scenes/coffee.ops	normal_cpu	136	10.0	0.1	true	true	48	1	4032	118798	1	2.0	2.0	400	20	20	skipped_huge_case		skipped by ARCHIMEDLIGHT_ARTIFACT_BENCH_SKIP_HUGE_CASES: scattering=true, cache_radiation=true, directions=136, simulated_hours=24.0	NaN	NaN	NaN	NaN		none	NaN	NaN	NaN	NaN
wheat	/Users/rvezy/.julia/artifacts/0fe06e0ad6ecab2e7db5f97aff7d0ee11bb34555/benchmark_scenes/wheat.ops	normal_cpu	16	0.1	0.001	false	false	1	1	94	2862	1	1.75	0.816326530612244	1429750	1750	817	ok			723.670959	723.670959	723.670959	445.638671875	RasterCPUBackend	raster_cpu	62517.61264371873	44934.534087672844	53139.970747160914	4493.453408767282
wheat	/Users/rvezy/.julia/artifacts/0fe06e0ad6ecab2e7db5f97aff7d0ee11bb34555/benchmark_scenes/wheat.ops	normal_cpu	16	0.1	0.001	false	false	12	1	94	2862	1	1.75	0.816326530612244	1429750	1750	817	ok			8597.400584	8597.400584	8597.400584	5325.804443359375	RasterCPUBackend	raster_cpu	818714.3652952003	471261.41005650174	695907.2105009202	47126.14100565017
wheat	/Users/rvezy/.julia/artifacts/0fe06e0ad6ecab2e7db5f97aff7d0ee11bb34555/benchmark_scenes/wheat.ops	normal_cpu	16	0.1	0.001	false	false	24	1	94	2862	1	1.75	0.816326530612244	1429750	1750	817	ok			17061.613083	17061.613083	17061.613083	10650.496887207031	RasterCPUBackend	raster_cpu	1.6470373476574076e6	946932.5988831114	1.3999817455087965e6	94693.25988831112
wheat	/Users/rvezy/.julia/artifacts/0fe06e0ad6ecab2e7db5f97aff7d0ee11bb34555/benchmark_scenes/wheat.ops	normal_cpu	16	0.1	0.001	false	false	48	1	94	2862	1	1.75	0.816326530612244	1429750	1750	817	ok			34267.44175	34267.44175	34267.44175	21297.444274902344	RasterCPUBackend	raster_cpu	3.308297141737891e6	1.9009945206159675e6	2.812052570477207e6	190099.45206159668
wheat	/Users/rvezy/.julia/artifacts/0fe06e0ad6ecab2e7db5f97aff7d0ee11bb34555/benchmark_scenes/wheat.ops	normal_cpu	16	0.1	0.001	false	true	1	1	94	2862	1	1.75	0.816326530612244	1429750	1750	817	ok			718.5165	718.5165	718.5165	444.7687530517578	RasterCPUBackend	raster_cpu	62517.61264371873	44934.534087672844	53139.970747160914	4493.453408767282
wheat	/Users/rvezy/.julia/artifacts/0fe06e0ad6ecab2e7db5f97aff7d0ee11bb34555/benchmark_scenes/wheat.ops	normal_cpu	16	0.1	0.001	false	true	12	1	94	2862	1	1.75	0.816326530612244	1429750	1750	817	ok			717.7965	717.7965	717.7965	445.9090270996094	RasterCPUBackend	raster_cpu	818714.3652952003	471261.41005650174	695907.2105009202	47126.14100565017
wheat	/Users/rvezy/.julia/artifacts/0fe06e0ad6ecab2e7db5f97aff7d0ee11bb34555/benchmark_scenes/wheat.ops	normal_cpu	16	0.1	0.001	false	true	24	1	94	2862	1	1.75	0.816326530612244	1429750	1750	817	ok			728.564875	728.564875	728.564875	447.1529235839844	RasterCPUBackend	raster_cpu	1.6470373476574076e6	946932.5988831114	1.3999817455087965e6	94693.25988831112
wheat	/Users/rvezy/.julia/artifacts/0fe06e0ad6ecab2e7db5f97aff7d0ee11bb34555/benchmark_scenes/wheat.ops	normal_cpu	16	0.1	0.001	false	true	48	1	94	2862	1	1.75	0.816326530612244	1429750	1750	817	ok			714.992208	714.992208	714.992208	449.6407165527344	RasterCPUBackend	raster_cpu	3.308297141737891e6	1.9009945206159675e6	2.812052570477207e6	190099.45206159668
wheat	/Users/rvezy/.julia/artifacts/0fe06e0ad6ecab2e7db5f97aff7d0ee11bb34555/benchmark_scenes/wheat.ops	normal_cpu	16	0.1	0.001	true	false	1	1	94	2862	1	1.75	0.816326530612244	1429750	1750	817	ok			900.5975	900.5975	900.5975	544.9417114257812	RasterCPUBackend	raster_cpu	65679.42184934003	49860.85476433505	55827.50857193902	4986.0854764335045
wheat	/Users/rvezy/.julia/artifacts/0fe06e0ad6ecab2e7db5f97aff7d0ee11bb34555/benchmark_scenes/wheat.ops	normal_cpu	16	0.1	0.001	true	false	12	1	94	2862	1	1.75	0.816326530612244	1429750	1750	817	ok			10843.352542	10843.352542	10843.352542	6526.705551147461	RasterCPUBackend	raster_cpu	862209.7281730059	526056.9108839723	732878.268947055	52605.691088397216
wheat	/Users/rvezy/.julia/artifacts/0fe06e0ad6ecab2e7db5f97aff7d0ee11bb34555/benchmark_scenes/wheat.ops	normal_cpu	16	0.1	0.001	true	false	24	1	94	2862	1	1.75	0.816326530612244	1429750	1750	817	ok			21823.832625	21823.832625	21823.832625	13050.800155639648	RasterCPUBackend	raster_cpu	1.7346663337551602e6	1.057173591800133e6	1.4744663836918857e6	105717.35918001329
wheat	/Users/rvezy/.julia/artifacts/0fe06e0ad6ecab2e7db5f97aff7d0ee11bb34555/benchmark_scenes/wheat.ops	normal_cpu	16	0.1	0.001	true	false	48	1	94	2862	1	1.75	0.816326530612244	1429750	1750	817	ok			43405.650584	43405.650584	43405.650584	26090.129989624023	RasterCPUBackend	raster_cpu	3.484510598124886e6	2.122535029998663e6	2.9618340084061525e6	212253.50299986624
wheat	/Users/rvezy/.julia/artifacts/0fe06e0ad6ecab2e7db5f97aff7d0ee11bb34555/benchmark_scenes/wheat.ops	normal_cpu	16	0.1	0.001	true	true	1	1	94	2862	1	1.75	0.816326530612244	1429750	1750	817	ok			900.836584	900.836584	900.836584	546.1792602539062	RasterCPUBackend	raster_cpu	65679.42184934003	49859.36909129801	55827.50857193902	4985.936909129798
wheat	/Users/rvezy/.julia/artifacts/0fe06e0ad6ecab2e7db5f97aff7d0ee11bb34555/benchmark_scenes/wheat.ops	normal_cpu	16	0.1	0.001	true	true	12	1	94	2862	1	1.75	0.816326530612244	1429750	1750	817	ok			895.198167	895.198167	895.198167	547.5407562255859	RasterCPUBackend	raster_cpu	862209.7281730059	526048.2363777441	732878.268947055	52604.8236377744
wheat	/Users/rvezy/.julia/artifacts/0fe06e0ad6ecab2e7db5f97aff7d0ee11bb34555/benchmark_scenes/wheat.ops	normal_cpu	16	0.1	0.001	true	true	24	1	94	2862	1	1.75	0.816326530612244	1429750	1750	817	ok			896.710292	896.710292	896.710292	549.0259857177734	RasterCPUBackend	raster_cpu	1.7346663337551602e6	1.0571561994639295e6	1.4744663836918857e6	105715.61994639291
wheat	/Users/rvezy/.julia/artifacts/0fe06e0ad6ecab2e7db5f97aff7d0ee11bb34555/benchmark_scenes/wheat.ops	normal_cpu	16	0.1	0.001	true	true	48	1	94	2862	1	1.75	0.816326530612244	1429750	1750	817	ok			925.774125	925.774125	925.774125	551.9964447021484	RasterCPUBackend	raster_cpu	3.484510598124886e6	2.1225002372938027e6	2.9618340084061525e6	212250.0237293803
wheat	/Users/rvezy/.julia/artifacts/0fe06e0ad6ecab2e7db5f97aff7d0ee11bb34555/benchmark_scenes/wheat.ops	normal_cpu	16	0.5	0.005	false	false	1	1	94	2862	1	1.75	0.816326530612244	57400	350	164	ok			7.944333	7.944333	7.944333	22.380584716796875	RasterCPUBackend	raster_cpu	62480.16264354573	44907.61690004848	53108.13824701386	4490.761690004849
wheat	/Users/rvezy/.julia/artifacts/0fe06e0ad6ecab2e7db5f97aff7d0ee11bb34555/benchmark_scenes/wheat.ops	normal_cpu	16	0.5	0.005	false	false	12	1	94	2862	1	1.75	0.816326530612244	57400	350	164	ok			92.123709	92.123709	92.123709	260.46112060546875	RasterCPUBackend	raster_cpu	817595.4501617639	470761.9278160455	694956.1326374992	47076.192781604535
wheat	/Users/rvezy/.julia/artifacts/0fe06e0ad6ecab2e7db5f97aff7d0ee11bb34555/benchmark_scenes/wheat.ops	normal_cpu	16	0.5	0.005	false	false	24	1	94	2862	1	1.75	0.816326530612244	57400	350	164	ok			177.154167	177.154167	177.154167	520.185302734375	RasterCPUBackend	raster_cpu	1.6447720163386725e6	945901.6293396751	1.3980562138878717e6	94590.16293396748
wheat	/Users/rvezy/.julia/artifacts/0fe06e0ad6ecab2e7db5f97aff7d0ee11bb34555/benchmark_scenes/wheat.ops	normal_cpu	16	0.5	0.005	false	false	48	1	94	2862	1	1.75	0.816326530612244	57400	350	164	ok			350.308166	350.308166	350.308166	1039.6336669921875	RasterCPUBackend	raster_cpu	3.3037460191495963e6	1.8989005724372794e6	2.808184116277156e6	189890.05724372793
wheat	/Users/rvezy/.julia/artifacts/0fe06e0ad6ecab2e7db5f97aff7d0ee11bb34555/benchmark_scenes/wheat.ops	normal_cpu	16	0.5	0.005	false	true	1	1	94	2862	1	1.75	0.816326530612244	57400	350	164	ok			7.620334	7.620334	7.620334	22.031814575195312	RasterCPUBackend	raster_cpu	62480.16264354573	44907.61690004848	53108.13824701386	4490.761690004849
wheat	/Users/rvezy/.julia/artifacts/0fe06e0ad6ecab2e7db5f97aff7d0ee11bb34555/benchmark_scenes/wheat.ops	normal_cpu	16	0.5	0.005	false	true	12	1	94	2862	1	1.75	0.816326530612244	57400	350	164	ok			8.112083	8.112083	8.112083	23.172088623046875	RasterCPUBackend	raster_cpu	817595.4501617639	470761.9278160455	694956.1326374992	47076.192781604535
wheat	/Users/rvezy/.julia/artifacts/0fe06e0ad6ecab2e7db5f97aff7d0ee11bb34555/benchmark_scenes/wheat.ops	normal_cpu	16	0.5	0.005	false	true	24	1	94	2862	1	1.75	0.816326530612244	57400	350	164	ok			8.38575	8.38575	8.38575	24.415985107421875	RasterCPUBackend	raster_cpu	1.6447720163386725e6	945901.6293396751	1.3980562138878717e6	94590.16293396748
wheat	/Users/rvezy/.julia/artifacts/0fe06e0ad6ecab2e7db5f97aff7d0ee11bb34555/benchmark_scenes/wheat.ops	normal_cpu	16	0.5	0.005	false	true	48	1	94	2862	1	1.75	0.816326530612244	57400	350	164	ok			9.237958	9.237958	9.237958	26.903778076171875	RasterCPUBackend	raster_cpu	3.3037460191495963e6	1.8989005724372794e6	2.808184116277156e6	189890.05724372793
wheat	/Users/rvezy/.julia/artifacts/0fe06e0ad6ecab2e7db5f97aff7d0ee11bb34555/benchmark_scenes/wheat.ops	normal_cpu	16	0.5	0.005	true	false	1	1	94	2862	1	1.75	0.816326530612244	57400	350	164	ok			36.221625	36.221625	36.221625	27.928665161132812	RasterCPUBackend	raster_cpu	65656.44642524267	49860.148192439556	55807.97946145629	4986.014819243956
wheat	/Users/rvezy/.julia/artifacts/0fe06e0ad6ecab2e7db5f97aff7d0ee11bb34555/benchmark_scenes/wheat.ops	normal_cpu	16	0.5	0.005	true	false	12	1	94	2862	1	1.75	0.816326530612244	57400	350	164	ok			424.612959	424.612959	424.612959	327.04966735839844	RasterCPUBackend	raster_cpu	861261.628476074	525835.9405938523	732072.3842046629	52583.59405938523
wheat	/Users/rvezy/.julia/artifacts/0fe06e0ad6ecab2e7db5f97aff7d0ee11bb34555/benchmark_scenes/wheat.ops	normal_cpu	16	0.5	0.005	true	false	24	1	94	2862	1	1.75	0.816326530612244	57400	350	164	ok			860.534208	860.534208	860.534208	653.3634490966797	RasterCPUBackend	raster_cpu	1.7327418662516514e6	1.0566963007399717e6	1.4728305863139033e6	105669.63007399713
wheat	/Users/rvezy/.julia/artifacts/0fe06e0ad6ecab2e7db5f97aff7d0ee11bb34555/benchmark_scenes/wheat.ops	normal_cpu	16	0.5	0.005	true	false	48	1	94	2862	1	1.75	0.816326530612244	57400	350	164	ok			1738.724583	1738.724583	1738.724583	1305.9910125732422	RasterCPUBackend	raster_cpu	3.480642307656578e6	2.12154683279168e6	2.958545961508091e6	212154.68327916795
wheat	/Users/rvezy/.julia/artifacts/0fe06e0ad6ecab2e7db5f97aff7d0ee11bb34555/benchmark_scenes/wheat.ops	normal_cpu	16	0.5	0.005	true	true	1	1	94	2862	1	1.75	0.816326530612244	57400	350	164	ok			37.354209	37.354209	37.354209	28.088088989257812	RasterCPUBackend	raster_cpu	65656.44642524267	49858.61822634367	55807.97946145629	4985.861822634365
wheat	/Users/rvezy/.julia/artifacts/0fe06e0ad6ecab2e7db5f97aff7d0ee11bb34555/benchmark_scenes/wheat.ops	normal_cpu	16	0.5	0.005	true	true	12	1	94	2862	1	1.75	0.816326530612244	57400	350	164	ok			35.946917	35.946917	35.946917	29.4495849609375	RasterCPUBackend	raster_cpu	861261.628476074	525827.0074705493	732072.3842046629	52582.700747054914
wheat	/Users/rvezy/.julia/artifacts/0fe06e0ad6ecab2e7db5f97aff7d0ee11bb34555/benchmark_scenes/wheat.ops	normal_cpu	16	0.5	0.005	true	true	24	1	94	2862	1	1.75	0.816326530612244	57400	350	164	ok			37.164833	37.164833	37.164833	30.934814453125	RasterCPUBackend	raster_cpu	1.7327418662516514e6	1.0566783898779878e6	1.4728305863139033e6	105667.83898779878
wheat	/Users/rvezy/.julia/artifacts/0fe06e0ad6ecab2e7db5f97aff7d0ee11bb34555/benchmark_scenes/wheat.ops	normal_cpu	16	0.5	0.005	true	true	48	1	94	2862	1	1.75	0.816326530612244	57400	350	164	ok			37.910875	37.910875	37.910875	33.9052734375	RasterCPUBackend	raster_cpu	3.480642307656578e6	2.1215110027957843e6	2.958545961508091e6	212151.1002795784
wheat	/Users/rvezy/.julia/artifacts/0fe06e0ad6ecab2e7db5f97aff7d0ee11bb34555/benchmark_scenes/wheat.ops	normal_cpu	16	1.0	0.01	false	false	1	1	94	2862	1	1.75	0.816326530612244	14350	175	82	ok			5.279	5.279	5.279	6.59912109375	RasterCPUBackend	raster_cpu	62710.36358719336	45073.073828295244	53303.80904911436	4507.307382829524
wheat	/Users/rvezy/.julia/artifacts/0fe06e0ad6ecab2e7db5f97aff7d0ee11bb34555/benchmark_scenes/wheat.ops	normal_cpu	16	1.0	0.01	false	false	12	1	94	2862	1	1.75	0.816326530612244	14350	175	82	ok			55.740167	55.740167	55.740167	71.08355712890625	RasterCPUBackend	raster_cpu	817172.7891366299	470921.72772691655	694596.8707661354	47092.17277269165
wheat	/Users/rvezy/.julia/artifacts/0fe06e0ad6ecab2e7db5f97aff7d0ee11bb34555/benchmark_scenes/wheat.ops	normal_cpu	16	1.0	0.01	false	false	24	1	94	2862	1	1.75	0.816326530612244	14350	175	82	ok			110.672709	110.672709	110.672709	141.43017578125	RasterCPUBackend	raster_cpu	1.6436738389525134e6	946035.6254425303	1.3971227631096365e6	94603.562544253
wheat	/Users/rvezy/.julia/artifacts/0fe06e0ad6ecab2e7db5f97aff7d0ee11bb34555/benchmark_scenes/wheat.ops	normal_cpu	16	1.0	0.01	false	false	48	1	94	2862	1	1.75	0.816326530612244	14350	175	82	ok			220.020125	220.020125	220.020125	282.1234130859375	RasterCPUBackend	raster_cpu	3.3012655149161727e6	1.8989525467603654e6	2.806075687678747e6	189895.25467603645
wheat	/Users/rvezy/.julia/artifacts/0fe06e0ad6ecab2e7db5f97aff7d0ee11bb34555/benchmark_scenes/wheat.ops	normal_cpu	16	1.0	0.01	false	true	1	1	94	2862	1	1.75	0.816326530612244	14350	175	82	ok			5.087041	5.087041	5.087041	6.2503509521484375	RasterCPUBackend	raster_cpu	62710.36358719336	45073.073828295244	53303.80904911436	4507.307382829524
wheat	/Users/rvezy/.julia/artifacts/0fe06e0ad6ecab2e7db5f97aff7d0ee11bb34555/benchmark_scenes/wheat.ops	normal_cpu	16	1.0	0.01	false	true	12	1	94	2862	1	1.75	0.816326530612244	14350	175	82	ok			5.395959	5.395959	5.395959	7.390625	RasterCPUBackend	raster_cpu	817172.7891366299	470921.72772691655	694596.8707661354	47092.17277269165
wheat	/Users/rvezy/.julia/artifacts/0fe06e0ad6ecab2e7db5f97aff7d0ee11bb34555/benchmark_scenes/wheat.ops	normal_cpu	16	1.0	0.01	false	true	24	1	94	2862	1	1.75	0.816326530612244	14350	175	82	ok			5.818458	5.818458	5.818458	8.634521484375	RasterCPUBackend	raster_cpu	1.6436738389525134e6	946035.6254425303	1.3971227631096365e6	94603.562544253
wheat	/Users/rvezy/.julia/artifacts/0fe06e0ad6ecab2e7db5f97aff7d0ee11bb34555/benchmark_scenes/wheat.ops	normal_cpu	16	1.0	0.01	false	true	48	1	94	2862	1	1.75	0.816326530612244	14350	175	82	ok			6.623166	6.623166	6.623166	11.122314453125	RasterCPUBackend	raster_cpu	3.3012655149161727e6	1.8989525467603654e6	2.806075687678747e6	189895.25467603645
wheat	/Users/rvezy/.julia/artifacts/0fe06e0ad6ecab2e7db5f97aff7d0ee11bb34555/benchmark_scenes/wheat.ops	normal_cpu	16	1.0	0.01	true	false	1	1	94	2862	1	1.75	0.816326530612244	14350	175	82	ok			13.120375	13.120375	13.120375	8.001922607421875	RasterCPUBackend	raster_cpu	65869.80506864272	49989.97623727495	55989.334308346355	4998.997623727493
wheat	/Users/rvezy/.julia/artifacts/0fe06e0ad6ecab2e7db5f97aff7d0ee11bb34555/benchmark_scenes/wheat.ops	normal_cpu	16	1.0	0.01	true	false	12	1	94	2862	1	1.75	0.816326530612244	14350	175	82	ok			147.981375	147.981375	147.981375	87.92875671386719	RasterCPUBackend	raster_cpu	860213.4711091325	525226.1826795776	731181.4504427628	52522.618267957754
wheat	/Users/rvezy/.julia/artifacts/0fe06e0ad6ecab2e7db5f97aff7d0ee11bb34555/benchmark_scenes/wheat.ops	normal_cpu	16	1.0	0.01	true	false	24	1	94	2862	1	1.75	0.816326530612244	14350	175	82	ok			288.051042	288.051042	288.051042	175.1216278076172	RasterCPUBackend	raster_cpu	1.730364381433623e6	1.0552468978582004e6	1.47080972421858e6	105524.68978581995
wheat	/Users/rvezy/.julia/artifacts/0fe06e0ad6ecab2e7db5f97aff7d0ee11bb34555/benchmark_scenes/wheat.ops	normal_cpu	16	1.0	0.01	true	false	48	1	94	2862	1	1.75	0.816326530612244	14350	175	82	ok			576.68775	576.68775	576.68775	349.5073699951172	RasterCPUBackend	raster_cpu	3.475570968928287e6	2.118377551820442e6	2.954235323589044e6	211837.75518204411
wheat	/Users/rvezy/.julia/artifacts/0fe06e0ad6ecab2e7db5f97aff7d0ee11bb34555/benchmark_scenes/wheat.ops	normal_cpu	16	1.0	0.01	true	true	1	1	94	2862	1	1.75	0.816326530612244	14350	175	82	ok			12.750584	12.750584	12.750584	8.161346435546875	RasterCPUBackend	raster_cpu	65869.80506864272	49988.53741140685	55989.334308346355	4998.853741140681
wheat	/Users/rvezy/.julia/artifacts/0fe06e0ad6ecab2e7db5f97aff7d0ee11bb34555/benchmark_scenes/wheat.ops	normal_cpu	16	1.0	0.01	true	true	12	1	94	2862	1	1.75	0.816326530612244	14350	175	82	ok			13.485792	13.485792	13.485792	9.522842407226562	RasterCPUBackend	raster_cpu	860213.4711091325	525217.7817032909	731181.4504427628	52521.778170329075
wheat	/Users/rvezy/.julia/artifacts/0fe06e0ad6ecab2e7db5f97aff7d0ee11bb34555/benchmark_scenes/wheat.ops	normal_cpu	16	1.0	0.01	true	true	24	1	94	2862	1	1.75	0.816326530612244	14350	175	82	ok			13.844917	13.844917	13.844917	11.008071899414062	RasterCPUBackend	raster_cpu	1.730364381433623e6	1.0552300539479912e6	1.47080972421858e6	105523.00539479908
wheat	/Users/rvezy/.julia/artifacts/0fe06e0ad6ecab2e7db5f97aff7d0ee11bb34555/benchmark_scenes/wheat.ops	normal_cpu	16	1.0	0.01	true	true	48	1	94	2862	1	1.75	0.816326530612244	14350	175	82	ok			14.686	14.686	14.686	13.978530883789062	RasterCPUBackend	raster_cpu	3.475570968928287e6	2.1183438562208544e6	2.954235323589044e6	211834.38562208545
wheat	/Users/rvezy/.julia/artifacts/0fe06e0ad6ecab2e7db5f97aff7d0ee11bb34555/benchmark_scenes/wheat.ops	normal_cpu	16	10.0	0.1	false	false	1	1	94	2862	1	1.75	0.816326530612244	162	18	9	ok			3.26225	3.26225	3.26225	1.357513427734375	RasterCPUBackend	raster_cpu	19954.105809627963	14342.013550670095	16960.989938183764	1434.2013550670094
wheat	/Users/rvezy/.julia/artifacts/0fe06e0ad6ecab2e7db5f97aff7d0ee11bb34555/benchmark_scenes/wheat.ops	normal_cpu	16	10.0	0.1	false	false	12	1	94	2862	1	1.75	0.816326530612244	162	18	9	ok			35.177459	35.177459	35.177459	8.184432983398438	RasterCPUBackend	raster_cpu	303456.5035697188	170027.8106289666	257938.02803426093	17002.781062896654
wheat	/Users/rvezy/.julia/artifacts/0fe06e0ad6ecab2e7db5f97aff7d0ee11bb34555/benchmark_scenes/wheat.ops	normal_cpu	16	10.0	0.1	false	false	24	1	94	2862	1	1.75	0.816326530612244	162	18	9	ok			69.194542	69.194542	69.194542	15.631942749023438	RasterCPUBackend	raster_cpu	621037.7177301962	348838.5695792032	527882.0600706667	34883.8569579203
wheat	/Users/rvezy/.julia/artifacts/0fe06e0ad6ecab2e7db5f97aff7d0ee11bb34555/benchmark_scenes/wheat.ops	normal_cpu	16	10.0	0.1	false	false	48	1	94	2862	1	1.75	0.816326530612244	162	18	9	ok			137.298458	137.298458	137.298458	30.526962280273438	RasterCPUBackend	raster_cpu	1.2589125087635217e6	708236.4591870558	1.0700756324489934e6	70823.64591870557
wheat	/Users/rvezy/.julia/artifacts/0fe06e0ad6ecab2e7db5f97aff7d0ee11bb34555/benchmark_scenes/wheat.ops	normal_cpu	16	10.0	0.1	false	true	1	1	94	2862	1	1.75	0.816326530612244	162	18	9	ok			3.083083	3.083083	3.083083	0.99700927734375	RasterCPUBackend	raster_cpu	19954.105809627963	14342.013550670095	16960.989938183764	1434.2013550670094
wheat	/Users/rvezy/.julia/artifacts/0fe06e0ad6ecab2e7db5f97aff7d0ee11bb34555/benchmark_scenes/wheat.ops	normal_cpu	16	10.0	0.1	false	true	12	1	94	2862	1	1.75	0.816326530612244	162	18	9	ok			3.423625	3.423625	3.423625	2.1372833251953125	RasterCPUBackend	raster_cpu	303456.5035697188	170027.8106289666	257938.02803426093	17002.781062896654
wheat	/Users/rvezy/.julia/artifacts/0fe06e0ad6ecab2e7db5f97aff7d0ee11bb34555/benchmark_scenes/wheat.ops	normal_cpu	16	10.0	0.1	false	true	24	1	94	2862	1	1.75	0.816326530612244	162	18	9	ok			3.922459	3.922459	3.922459	3.3811798095703125	RasterCPUBackend	raster_cpu	621037.7177301962	348838.5695792032	527882.0600706667	34883.8569579203
wheat	/Users/rvezy/.julia/artifacts/0fe06e0ad6ecab2e7db5f97aff7d0ee11bb34555/benchmark_scenes/wheat.ops	normal_cpu	16	10.0	0.1	false	true	48	1	94	2862	1	1.75	0.816326530612244	162	18	9	ok			4.586833	4.586833	4.586833	5.8689727783203125	RasterCPUBackend	raster_cpu	1.2589125087635217e6	708236.4591870558	1.0700756324489934e6	70823.64591870557
wheat	/Users/rvezy/.julia/artifacts/0fe06e0ad6ecab2e7db5f97aff7d0ee11bb34555/benchmark_scenes/wheat.ops	normal_cpu	16	10.0	0.1	true	false	1	1	94	2862	1	1.75	0.816326530612244	162	18	9	ok			3.313292	3.313292	3.313292	1.0887603759765625	RasterCPUBackend	raster_cpu	21093.36141929432	16129.056174656005	17929.357206400167	1612.9056174656002
wheat	/Users/rvezy/.julia/artifacts/0fe06e0ad6ecab2e7db5f97aff7d0ee11bb34555/benchmark_scenes/wheat.ops	normal_cpu	16	10.0	0.1	true	false	12	1	94	2862	1	1.75	0.816326530612244	162	18	9	ok			35.663417	35.663417	35.663417	4.970977783203125	RasterCPUBackend	raster_cpu	319998.61532088363	190339.74357106083	271998.8230227511	19033.974357106075
wheat	/Users/rvezy/.julia/artifacts/0fe06e0ad6ecab2e7db5f97aff7d0ee11bb34555/benchmark_scenes/wheat.ops	normal_cpu	16	10.0	0.1	true	false	24	1	94	2862	1	1.75	0.816326530612244	162	18	9	ok			70.889875	70.889875	70.889875	9.206085205078125	RasterCPUBackend	raster_cpu	654855.8721278355	390438.43579423253	556627.4913086604	39043.84357942324
wheat	/Users/rvezy/.julia/artifacts/0fe06e0ad6ecab2e7db5f97aff7d0ee11bb34555/benchmark_scenes/wheat.ops	normal_cpu	16	10.0	0.1	true	false	48	1	94	2862	1	1.75	0.816326530612244	162	18	9	ok			140.076833	140.076833	140.076833	17.676300048828125	RasterCPUBackend	raster_cpu	1.3274257005944117e6	792609.2381990681	1.1283118455052495e6	79260.9238199068
wheat	/Users/rvezy/.julia/artifacts/0fe06e0ad6ecab2e7db5f97aff7d0ee11bb34555/benchmark_scenes/wheat.ops	normal_cpu	16	10.0	0.1	true	true	1	1	94	2862	1	1.75	0.816326530612244	162	18	9	ok			3.382042	3.382042	3.382042	1.2364349365234375	RasterCPUBackend	raster_cpu	21093.36141929432	16129.056174656005	17929.357206400167	1612.9056174656002
wheat	/Users/rvezy/.julia/artifacts/0fe06e0ad6ecab2e7db5f97aff7d0ee11bb34555/benchmark_scenes/wheat.ops	normal_cpu	16	10.0	0.1	true	true	12	1	94	2862	1	1.75	0.816326530612244	162	18	9	ok			3.816417	3.816417	3.816417	2.597930908203125	RasterCPUBackend	raster_cpu	319998.61532088363	190339.74357106083	271998.8230227511	19033.974357106075
wheat	/Users/rvezy/.julia/artifacts/0fe06e0ad6ecab2e7db5f97aff7d0ee11bb34555/benchmark_scenes/wheat.ops	normal_cpu	16	10.0	0.1	true	true	24	1	94	2862	1	1.75	0.816326530612244	162	18	9	ok			4.244167	4.244167	4.244167	4.083160400390625	RasterCPUBackend	raster_cpu	654855.8721278355	390438.43579423253	556627.4913086604	39043.84357942324
wheat	/Users/rvezy/.julia/artifacts/0fe06e0ad6ecab2e7db5f97aff7d0ee11bb34555/benchmark_scenes/wheat.ops	normal_cpu	16	10.0	0.1	true	true	48	1	94	2862	1	1.75	0.816326530612244	162	18	9	ok			5.164584	5.164584	5.164584	7.053619384765625	RasterCPUBackend	raster_cpu	1.3274257005944117e6	792609.2381990681	1.1283118455052495e6	79260.9238199068
wheat	/Users/rvezy/.julia/artifacts/0fe06e0ad6ecab2e7db5f97aff7d0ee11bb34555/benchmark_scenes/wheat.ops	normal_cpu	46	0.1	0.001	false	false	1	1	94	2862	1	1.75	0.816326530612244	1429750	1750	817	ok			3620.075583	3620.075583	3620.075583	2047.1778564453125	RasterCPUBackend	raster_cpu	62063.252833289815	44607.96297392708	52753.76490829635	4460.796297392704
wheat	/Users/rvezy/.julia/artifacts/0fe06e0ad6ecab2e7db5f97aff7d0ee11bb34555/benchmark_scenes/wheat.ops	normal_cpu	46	0.1	0.001	false	false	12	1	94	2862	1	1.75	0.816326530612244	1429750	1750	817	ok			44158.598667	44158.598667	44158.598667	24545.933959960938	RasterCPUBackend	raster_cpu	827673.7588015485	479752.7280707715	703522.6949813162	47975.27280707715
wheat	/Users/rvezy/.julia/artifacts/0fe06e0ad6ecab2e7db5f97aff7d0ee11bb34555/benchmark_scenes/wheat.ops	normal_cpu	46	0.1	0.001	false	false	24	1	94	2862	1	1.75	0.816326530612244	1429750	1750	817	ok			89602.841417	89602.841417	89602.841417	49084.990295410156	RasterCPUBackend	raster_cpu	1.646183683013366e6	949717.6569443059	1.3992561305613613e6	94971.76569443055
wheat	/Users/rvezy/.julia/artifacts/0fe06e0ad6ecab2e7db5f97aff7d0ee11bb34555/benchmark_scenes/wheat.ops	normal_cpu	46	0.1	0.001	false	false	48	1	94	2862	1	1.75	0.816326530612244	1429750	1750	817	ok			180561.223459	180561.223459	180561.223459	98117.1654663086	RasterCPUBackend	raster_cpu	3.292876417803457e6	1.8962923522576066e6	2.7989449551329366e6	189629.23522576064
wheat	/Users/rvezy/.julia/artifacts/0fe06e0ad6ecab2e7db5f97aff7d0ee11bb34555/benchmark_scenes/wheat.ops	normal_cpu	46	0.1	0.001	false	true	1	1	94	2862	1	1.75	0.816326530612244	1429750	1750	817	ok			3536.614	3536.614	3536.614	2044.9442443847656	RasterCPUBackend	raster_cpu	62063.252833289815	44607.96297392708	52753.76490829635	4460.796297392704
wheat	/Users/rvezy/.julia/artifacts/0fe06e0ad6ecab2e7db5f97aff7d0ee11bb34555/benchmark_scenes/wheat.ops	normal_cpu	46	0.1	0.001	false	true	12	1	94	2862	1	1.75	0.816326530612244	1429750	1750	817	ok			3569.217541	3569.217541	3569.217541	2046.3299102783203	RasterCPUBackend	raster_cpu	827673.7588015485	479752.7280707715	703522.6949813162	47975.27280707715
wheat	/Users/rvezy/.julia/artifacts/0fe06e0ad6ecab2e7db5f97aff7d0ee11bb34555/benchmark_scenes/wheat.ops	normal_cpu	46	0.1	0.001	false	true	24	1	94	2862	1	1.75	0.816326530612244	1429750	1750	817	ok			3576.240292	3576.240292	3576.240292	2047.8415069580078	RasterCPUBackend	raster_cpu	1.646183683013366e6	949717.6569443059	1.3992561305613613e6	94971.76569443055
wheat	/Users/rvezy/.julia/artifacts/0fe06e0ad6ecab2e7db5f97aff7d0ee11bb34555/benchmark_scenes/wheat.ops	normal_cpu	46	0.1	0.001	false	true	48	1	94	2862	1	1.75	0.816326530612244	1429750	1750	817	ok			3584.500708	3584.500708	3584.500708	2050.864700317383	RasterCPUBackend	raster_cpu	3.292876417803457e6	1.8962923522576066e6	2.7989449551329366e6	189629.23522576064
wheat	/Users/rvezy/.julia/artifacts/0fe06e0ad6ecab2e7db5f97aff7d0ee11bb34555/benchmark_scenes/wheat.ops	normal_cpu	46	0.1	0.001	true	false	1	1	94	2862	1	1.75	0.816326530612244	1429750	1750	817	ok			5074.374125	5074.374125	5074.374125	2579.675491333008	RasterCPUBackend	raster_cpu	65710.82911280116	50316.43428964348	55854.204745880976	5031.643428964348
wheat	/Users/rvezy/.julia/artifacts/0fe06e0ad6ecab2e7db5f97aff7d0ee11bb34555/benchmark_scenes/wheat.ops	normal_cpu	46	0.1	0.001	true	false	12	1	94	2862	1	1.75	0.816326530612244	1429750	1750	817	ok			63190.845334	63190.845334	63190.845334	30945.19841003418	RasterCPUBackend	raster_cpu	878137.8550647049	543979.4582153088	746417.176804999	54397.94582153088
wheat	/Users/rvezy/.julia/artifacts/0fe06e0ad6ecab2e7db5f97aff7d0ee11bb34555/benchmark_scenes/wheat.ops	normal_cpu	46	0.1	0.001	true	false	24	1	94	2862	1	1.75	0.816326530612244	1429750	1750	817	ok			126049.910583	126049.910583	126049.910583	61890.551498413086	RasterCPUBackend	raster_cpu	1.7464860663980292e6	1.076656636516272e6	1.4845131564383246e6	107665.6636516272
wheat	/Users/rvezy/.julia/artifacts/0fe06e0ad6ecab2e7db5f97aff7d0ee11bb34555/benchmark_scenes/wheat.ops	normal_cpu	46	0.1	0.001	true	false	48	1	94	2862	1	1.75	0.816326530612244	1429750	1750	817	ok			256014.613166	256014.613166	256014.613166	123779.9920501709	RasterCPUBackend	raster_cpu	3.4935693688227334e6	2.1497423493286856e6	2.969533963499323e6	214974.23493286845
wheat	/Users/rvezy/.julia/artifacts/0fe06e0ad6ecab2e7db5f97aff7d0ee11bb34555/benchmark_scenes/wheat.ops	normal_cpu	46	0.1	0.001	true	true	1	1	94	2862	1	1.75	0.816326530612244	1429750	1750	817	ok			5077.868209	5077.868209	5077.868209	2580.3867797851562	RasterCPUBackend	raster_cpu	65710.82911280116	50316.43428964348	55854.204745880976	5031.643428964348
wheat	/Users/rvezy/.julia/artifacts/0fe06e0ad6ecab2e7db5f97aff7d0ee11bb34555/benchmark_scenes/wheat.ops	normal_cpu	46	0.1	0.001	true	true	12	1	94	2862	1	1.75	0.816326530612244	1429750	1750	817	ok			5146.947125	5146.947125	5146.947125	2582.1893768310547	RasterCPUBackend	raster_cpu	878137.8550647048	543979.4582153088	746417.176804999	54397.94582153088
wheat	/Users/rvezy/.julia/artifacts/0fe06e0ad6ecab2e7db5f97aff7d0ee11bb34555/benchmark_scenes/wheat.ops	normal_cpu	46	0.1	0.001	true	true	24	1	94	2862	1	1.75	0.816326530612244	1429750	1750	817	ok			5151.503542	5151.503542	5151.503542	2584.155807495117	RasterCPUBackend	raster_cpu	1.7464860663980292e6	1.076656636516272e6	1.4845131564383246e6	107665.6636516272
wheat	/Users/rvezy/.julia/artifacts/0fe06e0ad6ecab2e7db5f97aff7d0ee11bb34555/benchmark_scenes/wheat.ops	normal_cpu	46	0.1	0.001	true	true	48	1	94	2862	1	1.75	0.816326530612244	1429750	1750	817	ok			5135.197375	5135.197375	5135.197375	2588.088668823242	RasterCPUBackend	raster_cpu	3.493569368822733e6	2.1497423493286856e6	2.969533963499323e6	214974.23493286845
wheat	/Users/rvezy/.julia/artifacts/0fe06e0ad6ecab2e7db5f97aff7d0ee11bb34555/benchmark_scenes/wheat.ops	normal_cpu	46	0.5	0.005	false	false	1	1	94	2862	1	1.75	0.816326530612244	57400	350	164	ok			28.324834	28.324834	28.324834	62.230865478515625	RasterCPUBackend	raster_cpu	61871.906300132316	44470.43265322008	52591.12035511246	4447.0432653220105
wheat	/Users/rvezy/.julia/artifacts/0fe06e0ad6ecab2e7db5f97aff7d0ee11bb34555/benchmark_scenes/wheat.ops	normal_cpu	46	0.5	0.005	false	false	12	1	94	2862	1	1.75	0.816326530612244	57400	350	164	ok			337.924125	337.924125	337.924125	738.6644897460938	RasterCPUBackend	raster_cpu	826477.406462473	479211.9096876485	702505.7954931018	47921.190968764844
wheat	/Users/rvezy/.julia/artifacts/0fe06e0ad6ecab2e7db5f97aff7d0ee11bb34555/benchmark_scenes/wheat.ops	normal_cpu	46	0.5	0.005	false	false	24	1	94	2862	1	1.75	0.816326530612244	57400	350	164	ok			674.750583	674.750583	674.750583	1476.592041015625	RasterCPUBackend	raster_cpu	1.6437139680342148e6	948575.4811702686	1.3971568728290822e6	94857.54811702682
wheat	/Users/rvezy/.julia/artifacts/0fe06e0ad6ecab2e7db5f97aff7d0ee11bb34555/benchmark_scenes/wheat.ops	normal_cpu	46	0.5	0.005	false	false	48	1	94	2862	1	1.75	0.816326530612244	57400	350	164	ok			1376.814625	1376.814625	1376.814625	2952.4471435546875	RasterCPUBackend	raster_cpu	3.2878559696325e6	1.8939381849974876e6	2.794677574187624e6	189393.81849974862
wheat	/Users/rvezy/.julia/artifacts/0fe06e0ad6ecab2e7db5f97aff7d0ee11bb34555/benchmark_scenes/wheat.ops	normal_cpu	46	0.5	0.005	false	true	1	1	94	2862	1	1.75	0.816326530612244	57400	350	164	ok			28.217083	28.217083	28.217083	62.012939453125	RasterCPUBackend	raster_cpu	61871.906300132316	44470.43265322008	52591.12035511246	4447.0432653220105
wheat	/Users/rvezy/.julia/artifacts/0fe06e0ad6ecab2e7db5f97aff7d0ee11bb34555/benchmark_scenes/wheat.ops	normal_cpu	46	0.5	0.005	false	true	12	1	94	2862	1	1.75	0.816326530612244	57400	350	164	ok			28.84875	28.84875	28.84875	63.39860534667969	RasterCPUBackend	raster_cpu	826477.406462473	479211.9096876485	702505.7954931018	47921.190968764844
wheat	/Users/rvezy/.julia/artifacts/0fe06e0ad6ecab2e7db5f97aff7d0ee11bb34555/benchmark_scenes/wheat.ops	normal_cpu	46	0.5	0.005	false	true	24	1	94	2862	1	1.75	0.816326530612244	57400	350	164	ok			29.2465	29.2465	29.2465	64.91020202636719	RasterCPUBackend	raster_cpu	1.6437139680342148e6	948575.4811702686	1.3971568728290822e6	94857.54811702682
wheat	/Users/rvezy/.julia/artifacts/0fe06e0ad6ecab2e7db5f97aff7d0ee11bb34555/benchmark_scenes/wheat.ops	normal_cpu	46	0.5	0.005	false	true	48	1	94	2862	1	1.75	0.816326530612244	57400	350	164	ok			30.426584	30.426584	30.426584	67.93339538574219	RasterCPUBackend	raster_cpu	3.2878559696325e6	1.8939381849974876e6	2.794677574187624e6	189393.81849974862
wheat	/Users/rvezy/.julia/artifacts/0fe06e0ad6ecab2e7db5f97aff7d0ee11bb34555/benchmark_scenes/wheat.ops	normal_cpu	46	0.5	0.005	true	false	1	1	94	2862	1	1.75	0.816326530612244	57400	350	164	ok			158.384083	158.384083	158.384083	112.49998474121094	RasterCPUBackend	raster_cpu	65518.047737625995	50178.919745374675	55690.34057698211	5017.89197453747
wheat	/Users/rvezy/.julia/artifacts/0fe06e0ad6ecab2e7db5f97aff7d0ee11bb34555/benchmark_scenes/wheat.ops	normal_cpu	46	0.5	0.005	true	false	12	1	94	2862	1	1.75	0.816326530612244	57400	350	164	ok			1958.398458	1958.398458	1958.398458	1341.905502319336	RasterCPUBackend	raster_cpu	877039.5230620992	543619.246007755	745483.5946027845	54361.9246007755
wheat	/Users/rvezy/.julia/artifacts/0fe06e0ad6ecab2e7db5f97aff7d0ee11bb34555/benchmark_scenes/wheat.ops	normal_cpu	46	0.5	0.005	true	false	24	1	94	2862	1	1.75	0.816326530612244	57400	350	164	ok			3884.65	3884.65	3884.65	2683.0751190185547	RasterCPUBackend	raster_cpu	1.7441992088417858e6	1.0758540043187095e6	1.482569327515518e6	107585.40043187093
wheat	/Users/rvezy/.julia/artifacts/0fe06e0ad6ecab2e7db5f97aff7d0ee11bb34555/benchmark_scenes/wheat.ops	normal_cpu	46	0.5	0.005	true	false	48	1	94	2862	1	1.75	0.816326530612244	57400	350	164	ok			7762.922	7762.922	7762.922	5365.414352416992	RasterCPUBackend	raster_cpu	3.4889034418583876e6	2.148047457432105e6	2.9655679255796294e6	214804.7457432105
wheat	/Users/rvezy/.julia/artifacts/0fe06e0ad6ecab2e7db5f97aff7d0ee11bb34555/benchmark_scenes/wheat.ops	normal_cpu	46	0.5	0.005	true	true	1	1	94	2862	1	1.75	0.816326530612244	57400	350	164	ok			155.176292	155.176292	155.176292	113.21127319335938	RasterCPUBackend	raster_cpu	65518.047737625995	50178.919745374675	55690.34057698211	5017.89197453747
wheat	/Users/rvezy/.julia/artifacts/0fe06e0ad6ecab2e7db5f97aff7d0ee11bb34555/benchmark_scenes/wheat.ops	normal_cpu	46	0.5	0.005	true	true	12	1	94	2862	1	1.75	0.816326530612244	57400	350	164	ok			158.374458	158.374458	158.374458	115.01387023925781	RasterCPUBackend	raster_cpu	877039.5230620992	543619.246007755	745483.5946027845	54361.9246007755
wheat	/Users/rvezy/.julia/artifacts/0fe06e0ad6ecab2e7db5f97aff7d0ee11bb34555/benchmark_scenes/wheat.ops	normal_cpu	46	0.5	0.005	true	true	24	1	94	2862	1	1.75	0.816326530612244	57400	350	164	ok			158.453458	158.453458	158.453458	116.98030090332031	RasterCPUBackend	raster_cpu	1.7441992088417858e6	1.0758540043187095e6	1.482569327515518e6	107585.40043187095
wheat	/Users/rvezy/.julia/artifacts/0fe06e0ad6ecab2e7db5f97aff7d0ee11bb34555/benchmark_scenes/wheat.ops	normal_cpu	46	0.5	0.005	true	true	48	1	94	2862	1	1.75	0.816326530612244	57400	350	164	ok			160.096042	160.096042	160.096042	120.91316223144531	RasterCPUBackend	raster_cpu	3.488903441858387e6	2.148047457432105e6	2.9655679255796294e6	214804.7457432105
wheat	/Users/rvezy/.julia/artifacts/0fe06e0ad6ecab2e7db5f97aff7d0ee11bb34555/benchmark_scenes/wheat.ops	normal_cpu	46	1.0	0.01	false	false	1	1	94	2862	1	1.75	0.816326530612244	14350	175	82	ok			17.081792	17.081792	17.081792	16.76995849609375	RasterCPUBackend	raster_cpu	62048.13714497699	44597.09857295223	52740.916573230454	4459.70985729522
wheat	/Users/rvezy/.julia/artifacts/0fe06e0ad6ecab2e7db5f97aff7d0ee11bb34555/benchmark_scenes/wheat.ops	normal_cpu	46	1.0	0.01	false	false	12	1	94	2862	1	1.75	0.816326530612244	14350	175	82	ok			197.476541	197.476541	197.476541	193.13360595703125	RasterCPUBackend	raster_cpu	826084.9889823671	479258.0716828573	702172.240635012	47925.807168285704
wheat	/Users/rvezy/.julia/artifacts/0fe06e0ad6ecab2e7db5f97aff7d0ee11bb34555/benchmark_scenes/wheat.ops	normal_cpu	46	1.0	0.01	false	false	24	1	94	2862	1	1.75	0.816326530612244	14350	175	82	ok			397.542958	397.542958	397.542958	385.5302734375	RasterCPUBackend	raster_cpu	1.6429399102962897e6	948587.0276449987	1.396498923751846e6	94858.70276449985
wheat	/Users/rvezy/.julia/artifacts/0fe06e0ad6ecab2e7db5f97aff7d0ee11bb34555/benchmark_scenes/wheat.ops	normal_cpu	46	1.0	0.01	false	false	48	1	94	2862	1	1.75	0.816326530612244	14350	175	82	ok			791.748541	791.748541	791.748541	770.3236083984375	RasterCPUBackend	raster_cpu	3.286155017296317e6	1.893739497795618e6	2.79323176470187e6	189373.94977956178
wheat	/Users/rvezy/.julia/artifacts/0fe06e0ad6ecab2e7db5f97aff7d0ee11bb34555/benchmark_scenes/wheat.ops	normal_cpu	46	1.0	0.01	false	true	1	1	94	2862	1	1.75	0.816326530612244	14350	175	82	ok			16.912417	16.912417	16.912417	16.489501953125	RasterCPUBackend	raster_cpu	62048.13714497699	44597.09857295223	52740.916573230454	4459.70985729522
wheat	/Users/rvezy/.julia/artifacts/0fe06e0ad6ecab2e7db5f97aff7d0ee11bb34555/benchmark_scenes/wheat.ops	normal_cpu	46	1.0	0.01	false	true	12	1	94	2862	1	1.75	0.816326530612244	14350	175	82	ok			17.4275	17.4275	17.4275	17.875167846679688	RasterCPUBackend	raster_cpu	826084.9889823671	479258.0716828573	702172.240635012	47925.807168285704
wheat	/Users/rvezy/.julia/artifacts/0fe06e0ad6ecab2e7db5f97aff7d0ee11bb34555/benchmark_scenes/wheat.ops	normal_cpu	46	1.0	0.01	false	true	24	1	94	2862	1	1.75	0.816326530612244	14350	175	82	ok			17.896875	17.896875	17.896875	19.386764526367188	RasterCPUBackend	raster_cpu	1.6429399102962897e6	948587.0276449987	1.396498923751846e6	94858.70276449985
wheat	/Users/rvezy/.julia/artifacts/0fe06e0ad6ecab2e7db5f97aff7d0ee11bb34555/benchmark_scenes/wheat.ops	normal_cpu	46	1.0	0.01	false	true	48	1	94	2862	1	1.75	0.816326530612244	14350	175	82	ok			19.379	19.379	19.379	22.409957885742188	RasterCPUBackend	raster_cpu	3.286155017296317e6	1.893739497795618e6	2.79323176470187e6	189373.94977956178
wheat	/Users/rvezy/.julia/artifacts/0fe06e0ad6ecab2e7db5f97aff7d0ee11bb34555/benchmark_scenes/wheat.ops	normal_cpu	46	1.0	0.01	true	false	1	1	94	2862	1	1.75	0.816326530612244	14350	175	82	ok			53.120375	53.120375	53.120375	29.262588500976562	RasterCPUBackend	raster_cpu	65695.2652050155	50305.666618265524	55840.97542426315	5030.566661826548
wheat	/Users/rvezy/.julia/artifacts/0fe06e0ad6ecab2e7db5f97aff7d0ee11bb34555/benchmark_scenes/wheat.ops	normal_cpu	46	1.0	0.01	true	false	12	1	94	2862	1	1.75	0.816326530612244	14350	175	82	ok			608.85925	608.85925	608.85925	343.05674743652344	RasterCPUBackend	raster_cpu	876544.2228620632	543596.9280410922	745062.5894327537	54359.69280410921
wheat	/Users/rvezy/.julia/artifacts/0fe06e0ad6ecab2e7db5f97aff7d0ee11bb34555/benchmark_scenes/wheat.ops	normal_cpu	46	1.0	0.01	true	false	24	1	94	2862	1	1.75	0.816326530612244	14350	175	82	ok			1236.119833	1236.119833	1236.119833	685.3776092529297	RasterCPUBackend	raster_cpu	1.7432367489027325e6	1.075749409874618e6	1.4817512365673222e6	107574.94098746178
wheat	/Users/rvezy/.julia/artifacts/0fe06e0ad6ecab2e7db5f97aff7d0ee11bb34555/benchmark_scenes/wheat.ops	normal_cpu	46	1.0	0.01	true	false	48	1	94	2862	1	1.75	0.816326530612244	14350	175	82	ok			2597.750792	2597.750792	2597.750792	1370.0193328857422	RasterCPUBackend	raster_cpu	3.4868290397777744e6	2.1476054791242452e6	2.9638046838111086e6	214760.5479124245
wheat	/Users/rvezy/.julia/artifacts/0fe06e0ad6ecab2e7db5f97aff7d0ee11bb34555/benchmark_scenes/wheat.ops	normal_cpu	46	1.0	0.01	true	true	1	1	94	2862	1	1.75	0.816326530612244	14350	175	82	ok			51.285	51.285	51.285	29.911346435546875	RasterCPUBackend	raster_cpu	65695.26520501552	50305.666618265524	55840.97542426315	5030.566661826548
wheat	/Users/rvezy/.julia/artifacts/0fe06e0ad6ecab2e7db5f97aff7d0ee11bb34555/benchmark_scenes/wheat.ops	normal_cpu	46	1.0	0.01	true	true	12	1	94	2862	1	1.75	0.816326530612244	14350	175	82	ok			52.1285	52.1285	52.1285	31.713943481445312	RasterCPUBackend	raster_cpu	876544.2228620632	543596.9280410924	745062.5894327537	54359.69280410921
wheat	/Users/rvezy/.julia/artifacts/0fe06e0ad6ecab2e7db5f97aff7d0ee11bb34555/benchmark_scenes/wheat.ops	normal_cpu	46	1.0	0.01	true	true	24	1	94	2862	1	1.75	0.816326530612244	14350	175	82	ok			54.111542	54.111542	54.111542	33.68037414550781	RasterCPUBackend	raster_cpu	1.7432367489027325e6	1.075749409874618e6	1.4817512365673222e6	107574.94098746178
wheat	/Users/rvezy/.julia/artifacts/0fe06e0ad6ecab2e7db5f97aff7d0ee11bb34555/benchmark_scenes/wheat.ops	normal_cpu	46	1.0	0.01	true	true	48	1	94	2862	1	1.75	0.816326530612244	14350	175	82	ok			55.660417	55.660417	55.660417	37.61323547363281	RasterCPUBackend	raster_cpu	3.4868290397777744e6	2.1476054791242452e6	2.9638046838111086e6	214760.5479124245
wheat	/Users/rvezy/.julia/artifacts/0fe06e0ad6ecab2e7db5f97aff7d0ee11bb34555/benchmark_scenes/wheat.ops	normal_cpu	46	10.0	0.1	false	false	1	1	94	2862	1	1.75	0.816326530612244	162	18	9	ok			8.64975	8.64975	8.64975	1.633270263671875	RasterCPUBackend	raster_cpu	23032.797132546646	16554.822939017897	19577.877562664642	1655.4822939017895
wheat	/Users/rvezy/.julia/artifacts/0fe06e0ad6ecab2e7db5f97aff7d0ee11bb34555/benchmark_scenes/wheat.ops	normal_cpu	46	10.0	0.1	false	false	12	1	94	2862	1	1.75	0.816326530612244	162	18	9	ok			101.89125	101.89125	101.89125	11.493515014648438	RasterCPUBackend	raster_cpu	329789.920789178	185695.9235227179	280321.4326708013	18569.592352271786
wheat	/Users/rvezy/.julia/artifacts/0fe06e0ad6ecab2e7db5f97aff7d0ee11bb34555/benchmark_scenes/wheat.ops	normal_cpu	46	10.0	0.1	false	false	24	1	94	2862	1	1.75	0.816326530612244	162	18	9	ok			195.323167	195.323167	195.323167	22.250106811523438	RasterCPUBackend	raster_cpu	659626.6054591676	369432.38070775016	560682.6146402925	36943.238070775005
wheat	/Users/rvezy/.julia/artifacts/0fe06e0ad6ecab2e7db5f97aff7d0ee11bb34555/benchmark_scenes/wheat.ops	normal_cpu	46	10.0	0.1	false	false	48	1	94	2862	1	1.75	0.816326530612244	162	18	9	ok			388.490958	388.490958	388.490958	43.76329040527344	RasterCPUBackend	raster_cpu	1.3244630998131353e6	741032.7065257287	1.1257936348411653e6	74103.27065257287
wheat	/Users/rvezy/.julia/artifacts/0fe06e0ad6ecab2e7db5f97aff7d0ee11bb34555/benchmark_scenes/wheat.ops	normal_cpu	46	10.0	0.1	false	true	1	1	94	2862	1	1.75	0.816326530612244	162	18	9	ok			8.58875	8.58875	8.58875	1.3254547119140625	RasterCPUBackend	raster_cpu	23032.797132546646	16554.822939017897	19577.877562664642	1655.4822939017895
wheat	/Users/rvezy/.julia/artifacts/0fe06e0ad6ecab2e7db5f97aff7d0ee11bb34555/benchmark_scenes/wheat.ops	normal_cpu	46	10.0	0.1	false	true	12	1	94	2862	1	1.75	0.816326530612244	162	18	9	ok			9.107375	9.107375	9.107375	2.71112060546875	RasterCPUBackend	raster_cpu	329789.920789178	185695.9235227179	280321.4326708013	18569.592352271786
wheat	/Users/rvezy/.julia/artifacts/0fe06e0ad6ecab2e7db5f97aff7d0ee11bb34555/benchmark_scenes/wheat.ops	normal_cpu	46	10.0	0.1	false	true	24	1	94	2862	1	1.75	0.816326530612244	162	18	9	ok			9.535125	9.535125	9.535125	4.22271728515625	RasterCPUBackend	raster_cpu	659626.6054591676	369432.38070775016	560682.6146402925	36943.238070775005
wheat	/Users/rvezy/.julia/artifacts/0fe06e0ad6ecab2e7db5f97aff7d0ee11bb34555/benchmark_scenes/wheat.ops	normal_cpu	46	10.0	0.1	false	true	48	1	94	2862	1	1.75	0.816326530612244	162	18	9	ok			10.83225	10.83225	10.83225	7.24591064453125	RasterCPUBackend	raster_cpu	1.3244630998131353e6	741032.7065257287	1.1257936348411653e6	74103.27065257287
wheat	/Users/rvezy/.julia/artifacts/0fe06e0ad6ecab2e7db5f97aff7d0ee11bb34555/benchmark_scenes/wheat.ops	normal_cpu	46	10.0	0.1	true	false	1	1	94	2862	1	1.75	0.816326530612244	162	18	9	ok			9.107416	9.107416	9.107416	1.5532989501953125	RasterCPUBackend	raster_cpu	24368.37705493586	18644.40882825952	20713.120496695476	1864.4408828259511
wheat	/Users/rvezy/.julia/artifacts/0fe06e0ad6ecab2e7db5f97aff7d0ee11bb34555/benchmark_scenes/wheat.ops	normal_cpu	46	10.0	0.1	true	false	12	1	94	2862	1	1.75	0.816326530612244	162	18	9	ok			105.079375	105.079375	105.079375	10.545440673828125	RasterCPUBackend	raster_cpu	349450.3615167016	209826.9788857205	297032.8072891964	20982.697888572042
wheat	/Users/rvezy/.julia/artifacts/0fe06e0ad6ecab2e7db5f97aff7d0ee11bb34555/benchmark_scenes/wheat.ops	normal_cpu	46	10.0	0.1	true	false	24	1	94	2862	1	1.75	0.816326530612244	162	18	9	ok			209.580416	209.580416	209.580416	20.355010986328125	RasterCPUBackend	raster_cpu	698895.222234961	417354.06586729514	594060.9388997168	41735.40658672953
wheat	/Users/rvezy/.julia/artifacts/0fe06e0ad6ecab2e7db5f97aff7d0ee11bb34555/benchmark_scenes/wheat.ops	normal_cpu	46	10.0	0.1	true	false	48	1	94	2862	1	1.75	0.816326530612244	162	18	9	ok			415.948042	415.948042	415.948042	39.974151611328125	RasterCPUBackend	raster_cpu	1.4032474929553536e6	837064.95442096	1.1927603690120506e6	83706.49544209598
wheat	/Users/rvezy/.julia/artifacts/0fe06e0ad6ecab2e7db5f97aff7d0ee11bb34555/benchmark_scenes/wheat.ops	normal_cpu	46	10.0	0.1	true	true	1	1	94	2862	1	1.75	0.816326530612244	162	18	9	ok			9.55175	9.55175	9.55175	2.1746826171875	RasterCPUBackend	raster_cpu	24368.37705493586	18644.40882825952	20713.120496695476	1864.4408828259511
wheat	/Users/rvezy/.julia/artifacts/0fe06e0ad6ecab2e7db5f97aff7d0ee11bb34555/benchmark_scenes/wheat.ops	normal_cpu	46	10.0	0.1	true	true	12	1	94	2862	1	1.75	0.816326530612244	162	18	9	ok			10.25925	10.25925	10.25925	3.9772796630859375	RasterCPUBackend	raster_cpu	349450.3615167016	209826.9788857205	297032.8072891964	20982.697888572045
wheat	/Users/rvezy/.julia/artifacts/0fe06e0ad6ecab2e7db5f97aff7d0ee11bb34555/benchmark_scenes/wheat.ops	normal_cpu	46	10.0	0.1	true	true	24	1	94	2862	1	1.75	0.816326530612244	162	18	9	ok			10.973459	10.973459	10.973459	5.9437103271484375	RasterCPUBackend	raster_cpu	698895.2222349609	417354.0658672952	594060.9388997168	41735.406586729514
wheat	/Users/rvezy/.julia/artifacts/0fe06e0ad6ecab2e7db5f97aff7d0ee11bb34555/benchmark_scenes/wheat.ops	normal_cpu	46	10.0	0.1	true	true	48	1	94	2862	1	1.75	0.816326530612244	162	18	9	ok			12.603583	12.603583	12.603583	9.876571655273438	RasterCPUBackend	raster_cpu	1.4032474929553536e6	837064.95442096	1.1927603690120506e6	83706.49544209598
wheat	/Users/rvezy/.julia/artifacts/0fe06e0ad6ecab2e7db5f97aff7d0ee11bb34555/benchmark_scenes/wheat.ops	normal_cpu	136	0.1	0.001	false	false	1	1	94	2862	1	1.75	0.816326530612244	1429750	1750	817	ok			16081.048542	16081.048542	16081.048542	7479.039840698242	RasterCPUBackend	raster_cpu	60296.04182144386	43337.78005916279	51251.63554822729	4333.778005916278
wheat	/Users/rvezy/.julia/artifacts/0fe06e0ad6ecab2e7db5f97aff7d0ee11bb34555/benchmark_scenes/wheat.ops	normal_cpu	136	0.1	0.001	false	false	12	1	94	2862	1	1.75	0.816326530612244	1429750	1750	817	skipped_huge_case		skipped by ARCHIMEDLIGHT_ARTIFACT_BENCH_SKIP_HUGE_CASES: scattering=false, cache_radiation=false, directions=136, simulated_hours=6.0	NaN	NaN	NaN	NaN		none	NaN	NaN	NaN	NaN
wheat	/Users/rvezy/.julia/artifacts/0fe06e0ad6ecab2e7db5f97aff7d0ee11bb34555/benchmark_scenes/wheat.ops	normal_cpu	136	0.1	0.001	false	false	24	1	94	2862	1	1.75	0.816326530612244	1429750	1750	817	skipped_huge_case		skipped by ARCHIMEDLIGHT_ARTIFACT_BENCH_SKIP_HUGE_CASES: scattering=false, cache_radiation=false, directions=136, simulated_hours=12.0	NaN	NaN	NaN	NaN		none	NaN	NaN	NaN	NaN
wheat	/Users/rvezy/.julia/artifacts/0fe06e0ad6ecab2e7db5f97aff7d0ee11bb34555/benchmark_scenes/wheat.ops	normal_cpu	136	0.1	0.001	false	false	48	1	94	2862	1	1.75	0.816326530612244	1429750	1750	817	skipped_huge_case		skipped by ARCHIMEDLIGHT_ARTIFACT_BENCH_SKIP_HUGE_CASES: scattering=false, cache_radiation=false, directions=136, simulated_hours=24.0	NaN	NaN	NaN	NaN		none	NaN	NaN	NaN	NaN
wheat	/Users/rvezy/.julia/artifacts/0fe06e0ad6ecab2e7db5f97aff7d0ee11bb34555/benchmark_scenes/wheat.ops	normal_cpu	136	0.1	0.001	false	true	1	1	94	2862	1	1.75	0.816326530612244	1429750	1750	817	ok			16115.568375	16115.568375	16115.568375	7479.011306762695	RasterCPUBackend	raster_cpu	60296.04182144386	43337.78005916279	51251.63554822729	4333.778005916278
wheat	/Users/rvezy/.julia/artifacts/0fe06e0ad6ecab2e7db5f97aff7d0ee11bb34555/benchmark_scenes/wheat.ops	normal_cpu	136	0.1	0.001	false	true	12	1	94	2862	1	1.75	0.816326530612244	1429750	1750	817	ok			16317.006125	16317.006125	16317.006125	7481.1905517578125	RasterCPUBackend	raster_cpu	850019.2638039968	497331.51885732677	722516.3742333973	49733.15188573268
wheat	/Users/rvezy/.julia/artifacts/0fe06e0ad6ecab2e7db5f97aff7d0ee11bb34555/benchmark_scenes/wheat.ops	normal_cpu	136	0.1	0.001	false	true	24	1	94	2862	1	1.75	0.816326530612244	1429750	1750	817	ok			16126.276	16126.276	16126.276	7483.38037109375	RasterCPUBackend	raster_cpu	1.6676552364143755e6	966554.1448529819	1.417506950952219e6	96655.41448529818
wheat	/Users/rvezy/.julia/artifacts/0fe06e0ad6ecab2e7db5f97aff7d0ee11bb34555/benchmark_scenes/wheat.ops	normal_cpu	136	0.1	0.001	false	true	48	1	94	2862	1	1.75	0.816326530612244	1429750	1750	817	ok			16037.678834	16037.678834	16037.678834	7487.947509765625	RasterCPUBackend	raster_cpu	3.3516524341997677e6	1.9410160610799203e6	2.848904569069804e6	194101.606107992
wheat	/Users/rvezy/.julia/artifacts/0fe06e0ad6ecab2e7db5f97aff7d0ee11bb34555/benchmark_scenes/wheat.ops	normal_cpu	136	0.1	0.001	true	false	1	1	94	2862	1	1.75	0.816326530612244	1429750	1750	817	ok			25907.79825	25907.79825	25907.79825	10126.89421081543	RasterCPUBackend	raster_cpu	64654.613857169395	50227.28060942624	54956.421778594	5022.728060942622
wheat	/Users/rvezy/.julia/artifacts/0fe06e0ad6ecab2e7db5f97aff7d0ee11bb34555/benchmark_scenes/wheat.ops	normal_cpu	136	0.1	0.001	true	false	12	1	94	2862	1	1.75	0.816326530612244	1429750	1750	817	skipped_huge_case		skipped by ARCHIMEDLIGHT_ARTIFACT_BENCH_SKIP_HUGE_CASES: scattering=true, cache_radiation=false, directions=136, simulated_hours=6.0	NaN	NaN	NaN	NaN		none	NaN	NaN	NaN	NaN
wheat	/Users/rvezy/.julia/artifacts/0fe06e0ad6ecab2e7db5f97aff7d0ee11bb34555/benchmark_scenes/wheat.ops	normal_cpu	136	0.1	0.001	true	false	24	1	94	2862	1	1.75	0.816326530612244	1429750	1750	817	skipped_huge_case		skipped by ARCHIMEDLIGHT_ARTIFACT_BENCH_SKIP_HUGE_CASES: scattering=true, cache_radiation=false, directions=136, simulated_hours=12.0	NaN	NaN	NaN	NaN		none	NaN	NaN	NaN	NaN
wheat	/Users/rvezy/.julia/artifacts/0fe06e0ad6ecab2e7db5f97aff7d0ee11bb34555/benchmark_scenes/wheat.ops	normal_cpu	136	0.1	0.001	true	false	48	1	94	2862	1	1.75	0.816326530612244	1429750	1750	817	skipped_huge_case		skipped by ARCHIMEDLIGHT_ARTIFACT_BENCH_SKIP_HUGE_CASES: scattering=true, cache_radiation=false, directions=136, simulated_hours=24.0	NaN	NaN	NaN	NaN		none	NaN	NaN	NaN	NaN
wheat	/Users/rvezy/.julia/artifacts/0fe06e0ad6ecab2e7db5f97aff7d0ee11bb34555/benchmark_scenes/wheat.ops	normal_cpu	136	0.1	0.001	true	true	1	1	94	2862	1	1.75	0.816326530612244	1429750	1750	817	ok			26320.657542	26320.657542	26320.657542	10131.212982177734	RasterCPUBackend	raster_cpu	64654.6138571694	50227.28060942624	54956.421778594	5022.728060942622
wheat	/Users/rvezy/.julia/artifacts/0fe06e0ad6ecab2e7db5f97aff7d0ee11bb34555/benchmark_scenes/wheat.ops	normal_cpu	136	0.1	0.001	true	true	12	1	94	2862	1	1.75	0.816326530612244	1429750	1750	817	skipped_huge_case		skipped by ARCHIMEDLIGHT_ARTIFACT_BENCH_SKIP_HUGE_CASES: scattering=true, cache_radiation=true, directions=136, simulated_hours=6.0	NaN	NaN	NaN	NaN		none	NaN	NaN	NaN	NaN
wheat	/Users/rvezy/.julia/artifacts/0fe06e0ad6ecab2e7db5f97aff7d0ee11bb34555/benchmark_scenes/wheat.ops	normal_cpu	136	0.1	0.001	true	true	24	1	94	2862	1	1.75	0.816326530612244	1429750	1750	817	skipped_huge_case		skipped by ARCHIMEDLIGHT_ARTIFACT_BENCH_SKIP_HUGE_CASES: scattering=true, cache_radiation=true, directions=136, simulated_hours=12.0	NaN	NaN	NaN	NaN		none	NaN	NaN	NaN	NaN
wheat	/Users/rvezy/.julia/artifacts/0fe06e0ad6ecab2e7db5f97aff7d0ee11bb34555/benchmark_scenes/wheat.ops	normal_cpu	136	0.1	0.001	true	true	48	1	94	2862	1	1.75	0.816326530612244	1429750	1750	817	skipped_huge_case		skipped by ARCHIMEDLIGHT_ARTIFACT_BENCH_SKIP_HUGE_CASES: scattering=true, cache_radiation=true, directions=136, simulated_hours=24.0	NaN	NaN	NaN	NaN		none	NaN	NaN	NaN	NaN
wheat	/Users/rvezy/.julia/artifacts/0fe06e0ad6ecab2e7db5f97aff7d0ee11bb34555/benchmark_scenes/wheat.ops	normal_cpu	136	0.5	0.005	false	false	1	1	94	2862	1	1.75	0.816326530612244	57400	350	164	ok			104.496542	104.496542	104.496542	182.119140625	RasterCPUBackend	raster_cpu	60110.436008832745	43204.37588134855	51093.870607507844	4320.437588134853
wheat	/Users/rvezy/.julia/artifacts/0fe06e0ad6ecab2e7db5f97aff7d0ee11bb34555/benchmark_scenes/wheat.ops	normal_cpu	136	0.5	0.005	false	false	12	1	94	2862	1	1.75	0.816326530612244	57400	350	164	skipped_huge_case		skipped by ARCHIMEDLIGHT_ARTIFACT_BENCH_SKIP_HUGE_CASES: scattering=false, cache_radiation=false, directions=136, simulated_hours=6.0	NaN	NaN	NaN	NaN		none	NaN	NaN	NaN	NaN
wheat	/Users/rvezy/.julia/artifacts/0fe06e0ad6ecab2e7db5f97aff7d0ee11bb34555/benchmark_scenes/wheat.ops	normal_cpu	136	0.5	0.005	false	false	24	1	94	2862	1	1.75	0.816326530612244	57400	350	164	skipped_huge_case		skipped by ARCHIMEDLIGHT_ARTIFACT_BENCH_SKIP_HUGE_CASES: scattering=false, cache_radiation=false, directions=136, simulated_hours=12.0	NaN	NaN	NaN	NaN		none	NaN	NaN	NaN	NaN
wheat	/Users/rvezy/.julia/artifacts/0fe06e0ad6ecab2e7db5f97aff7d0ee11bb34555/benchmark_scenes/wheat.ops	normal_cpu	136	0.5	0.005	false	false	48	1	94	2862	1	1.75	0.816326530612244	57400	350	164	skipped_huge_case		skipped by ARCHIMEDLIGHT_ARTIFACT_BENCH_SKIP_HUGE_CASES: scattering=false, cache_radiation=false, directions=136, simulated_hours=24.0	NaN	NaN	NaN	NaN		none	NaN	NaN	NaN	NaN
wheat	/Users/rvezy/.julia/artifacts/0fe06e0ad6ecab2e7db5f97aff7d0ee11bb34555/benchmark_scenes/wheat.ops	normal_cpu	136	0.5	0.005	false	true	1	1	94	2862	1	1.75	0.816326530612244	57400	350	164	ok			104.85025	104.85025	104.85025	182.09066772460938	RasterCPUBackend	raster_cpu	60110.436008832745	43204.37588134855	51093.870607507844	4320.437588134853
wheat	/Users/rvezy/.julia/artifacts/0fe06e0ad6ecab2e7db5f97aff7d0ee11bb34555/benchmark_scenes/wheat.ops	normal_cpu	136	0.5	0.005	false	true	12	1	94	2862	1	1.75	0.816326530612244	57400	350	164	ok			104.886292	104.886292	104.886292	184.26991271972656	RasterCPUBackend	raster_cpu	849061.335033974	496862.43310159945	721702.1347788781	49686.24331015994
wheat	/Users/rvezy/.julia/artifacts/0fe06e0ad6ecab2e7db5f97aff7d0ee11bb34555/benchmark_scenes/wheat.ops	normal_cpu	136	0.5	0.005	false	true	24	1	94	2862	1	1.75	0.816326530612244	57400	350	164	ok			107.289334	107.289334	107.289334	186.64723205566406	RasterCPUBackend	raster_cpu	1.6658634811193028e6	965729.1087517077	1.4159839589514078e6	96572.91087517074
wheat	/Users/rvezy/.julia/artifacts/0fe06e0ad6ecab2e7db5f97aff7d0ee11bb34555/benchmark_scenes/wheat.ops	normal_cpu	136	0.5	0.005	false	true	48	1	94	2862	1	1.75	0.816326530612244	57400	350	164	ok			108.78075	108.78075	108.78075	191.40187072753906	RasterCPUBackend	raster_cpu	3.3480061967354394e6	1.939325147698774e6	2.8458052672251244e6	193932.51476987742
wheat	/Users/rvezy/.julia/artifacts/0fe06e0ad6ecab2e7db5f97aff7d0ee11bb34555/benchmark_scenes/wheat.ops	normal_cpu	136	0.5	0.005	true	false	1	1	94	2862	1	1.75	0.816326530612244	57400	350	164	ok			630.979083	630.979083	630.979083	430.6902313232422	RasterCPUBackend	raster_cpu	64463.11120930741	50086.671863118216	54793.64452791132	5008.667186311823
wheat	/Users/rvezy/.julia/artifacts/0fe06e0ad6ecab2e7db5f97aff7d0ee11bb34555/benchmark_scenes/wheat.ops	normal_cpu	136	0.5	0.005	true	false	12	1	94	2862	1	1.75	0.816326530612244	57400	350	164	skipped_huge_case		skipped by ARCHIMEDLIGHT_ARTIFACT_BENCH_SKIP_HUGE_CASES: scattering=true, cache_radiation=false, directions=136, simulated_hours=6.0	NaN	NaN	NaN	NaN		none	NaN	NaN	NaN	NaN
wheat	/Users/rvezy/.julia/artifacts/0fe06e0ad6ecab2e7db5f97aff7d0ee11bb34555/benchmark_scenes/wheat.ops	normal_cpu	136	0.5	0.005	true	false	24	1	94	2862	1	1.75	0.816326530612244	57400	350	164	skipped_huge_case		skipped by ARCHIMEDLIGHT_ARTIFACT_BENCH_SKIP_HUGE_CASES: scattering=true, cache_radiation=false, directions=136, simulated_hours=12.0	NaN	NaN	NaN	NaN		none	NaN	NaN	NaN	NaN
wheat	/Users/rvezy/.julia/artifacts/0fe06e0ad6ecab2e7db5f97aff7d0ee11bb34555/benchmark_scenes/wheat.ops	normal_cpu	136	0.5	0.005	true	false	48	1	94	2862	1	1.75	0.816326530612244	57400	350	164	skipped_huge_case		skipped by ARCHIMEDLIGHT_ARTIFACT_BENCH_SKIP_HUGE_CASES: scattering=true, cache_radiation=false, directions=136, simulated_hours=24.0	NaN	NaN	NaN	NaN		none	NaN	NaN	NaN	NaN
wheat	/Users/rvezy/.julia/artifacts/0fe06e0ad6ecab2e7db5f97aff7d0ee11bb34555/benchmark_scenes/wheat.ops	normal_cpu	136	0.5	0.005	true	true	1	1	94	2862	1	1.75	0.816326530612244	57400	350	164	ok			641.276166	641.276166	641.276166	432.4308776855469	RasterCPUBackend	raster_cpu	64463.11120930741	50086.67186311822	54793.64452791132	5008.667186311823
wheat	/Users/rvezy/.julia/artifacts/0fe06e0ad6ecab2e7db5f97aff7d0ee11bb34555/benchmark_scenes/wheat.ops	normal_cpu	136	0.5	0.005	true	true	12	1	94	2862	1	1.75	0.816326530612244	57400	350	164	skipped_huge_case		skipped by ARCHIMEDLIGHT_ARTIFACT_BENCH_SKIP_HUGE_CASES: scattering=true, cache_radiation=true, directions=136, simulated_hours=6.0	NaN	NaN	NaN	NaN		none	NaN	NaN	NaN	NaN
wheat	/Users/rvezy/.julia/artifacts/0fe06e0ad6ecab2e7db5f97aff7d0ee11bb34555/benchmark_scenes/wheat.ops	normal_cpu	136	0.5	0.005	true	true	24	1	94	2862	1	1.75	0.816326530612244	57400	350	164	skipped_huge_case		skipped by ARCHIMEDLIGHT_ARTIFACT_BENCH_SKIP_HUGE_CASES: scattering=true, cache_radiation=true, directions=136, simulated_hours=12.0	NaN	NaN	NaN	NaN		none	NaN	NaN	NaN	NaN
wheat	/Users/rvezy/.julia/artifacts/0fe06e0ad6ecab2e7db5f97aff7d0ee11bb34555/benchmark_scenes/wheat.ops	normal_cpu	136	0.5	0.005	true	true	48	1	94	2862	1	1.75	0.816326530612244	57400	350	164	skipped_huge_case		skipped by ARCHIMEDLIGHT_ARTIFACT_BENCH_SKIP_HUGE_CASES: scattering=true, cache_radiation=true, directions=136, simulated_hours=24.0	NaN	NaN	NaN	NaN		none	NaN	NaN	NaN	NaN
wheat	/Users/rvezy/.julia/artifacts/0fe06e0ad6ecab2e7db5f97aff7d0ee11bb34555/benchmark_scenes/wheat.ops	normal_cpu	136	1.0	0.01	false	false	1	1	94	2862	1	1.75	0.816326530612244	14350	175	82	ok			57.10725	57.10725	57.10725	47.426666259765625	RasterCPUBackend	raster_cpu	60139.11664877592	43224.990091307714	51118.24915145953	4322.499009130771
wheat	/Users/rvezy/.julia/artifacts/0fe06e0ad6ecab2e7db5f97aff7d0ee11bb34555/benchmark_scenes/wheat.ops	normal_cpu	136	1.0	0.01	false	false	12	1	94	2862	1	1.75	0.816326530612244	14350	175	82	skipped_huge_case		skipped by ARCHIMEDLIGHT_ARTIFACT_BENCH_SKIP_HUGE_CASES: scattering=false, cache_radiation=false, directions=136, simulated_hours=6.0	NaN	NaN	NaN	NaN		none	NaN	NaN	NaN	NaN
wheat	/Users/rvezy/.julia/artifacts/0fe06e0ad6ecab2e7db5f97aff7d0ee11bb34555/benchmark_scenes/wheat.ops	normal_cpu	136	1.0	0.01	false	false	24	1	94	2862	1	1.75	0.816326530612244	14350	175	82	skipped_huge_case		skipped by ARCHIMEDLIGHT_ARTIFACT_BENCH_SKIP_HUGE_CASES: scattering=false, cache_radiation=false, directions=136, simulated_hours=12.0	NaN	NaN	NaN	NaN		none	NaN	NaN	NaN	NaN
wheat	/Users/rvezy/.julia/artifacts/0fe06e0ad6ecab2e7db5f97aff7d0ee11bb34555/benchmark_scenes/wheat.ops	normal_cpu	136	1.0	0.01	false	false	48	1	94	2862	1	1.75	0.816326530612244	14350	175	82	skipped_huge_case		skipped by ARCHIMEDLIGHT_ARTIFACT_BENCH_SKIP_HUGE_CASES: scattering=false, cache_radiation=false, directions=136, simulated_hours=24.0	NaN	NaN	NaN	NaN		none	NaN	NaN	NaN	NaN
wheat	/Users/rvezy/.julia/artifacts/0fe06e0ad6ecab2e7db5f97aff7d0ee11bb34555/benchmark_scenes/wheat.ops	normal_cpu	136	1.0	0.01	false	true	1	1	94	2862	1	1.75	0.816326530612244	14350	175	82	ok			56.787459	56.787459	56.787459	47.398193359375	RasterCPUBackend	raster_cpu	60139.11664877592	43224.990091307714	51118.24915145953	4322.499009130771
wheat	/Users/rvezy/.julia/artifacts/0fe06e0ad6ecab2e7db5f97aff7d0ee11bb34555/benchmark_scenes/wheat.ops	normal_cpu	136	1.0	0.01	false	true	12	1	94	2862	1	1.75	0.816326530612244	14350	175	82	ok			58.064791	58.064791	58.064791	49.57743835449219	RasterCPUBackend	raster_cpu	847338.5871761601	496103.7579565409	720237.7990997359	49610.37579565408
wheat	/Users/rvezy/.julia/artifacts/0fe06e0ad6ecab2e7db5f97aff7d0ee11bb34555/benchmark_scenes/wheat.ops	normal_cpu	136	1.0	0.01	false	true	24	1	94	2862	1	1.75	0.816326530612244	14350	175	82	ok			59.0935	59.0935	59.0935	51.95475769042969	RasterCPUBackend	raster_cpu	1.6618573406665602e6	963738.8261786756	1.4125787395665762e6	96373.88261786752
wheat	/Users/rvezy/.julia/artifacts/0fe06e0ad6ecab2e7db5f97aff7d0ee11bb34555/benchmark_scenes/wheat.ops	normal_cpu	136	1.0	0.01	false	true	48	1	94	2862	1	1.75	0.816326530612244	14350	175	82	ok			62.334	62.334	62.334	56.70939636230469	RasterCPUBackend	raster_cpu	3.34050795177531e6	1.9357176825922516e6	2.839431759009014e6	193571.76825922503
wheat	/Users/rvezy/.julia/artifacts/0fe06e0ad6ecab2e7db5f97aff7d0ee11bb34555/benchmark_scenes/wheat.ops	normal_cpu	136	1.0	0.01	true	false	1	1	94	2862	1	1.75	0.816326530612244	14350	175	82	ok			192.643	192.643	192.643	108.87374877929688	RasterCPUBackend	raster_cpu	64494.48261787887	50111.974580136484	54820.310225197056	5011.197458013644
wheat	/Users/rvezy/.julia/artifacts/0fe06e0ad6ecab2e7db5f97aff7d0ee11bb34555/benchmark_scenes/wheat.ops	normal_cpu	136	1.0	0.01	true	false	12	1	94	2862	1	1.75	0.816326530612244	14350	175	82	skipped_huge_case		skipped by ARCHIMEDLIGHT_ARTIFACT_BENCH_SKIP_HUGE_CASES: scattering=true, cache_radiation=false, directions=136, simulated_hours=6.0	NaN	NaN	NaN	NaN		none	NaN	NaN	NaN	NaN
wheat	/Users/rvezy/.julia/artifacts/0fe06e0ad6ecab2e7db5f97aff7d0ee11bb34555/benchmark_scenes/wheat.ops	normal_cpu	136	1.0	0.01	true	false	24	1	94	2862	1	1.75	0.816326530612244	14350	175	82	skipped_huge_case		skipped by ARCHIMEDLIGHT_ARTIFACT_BENCH_SKIP_HUGE_CASES: scattering=true, cache_radiation=false, directions=136, simulated_hours=12.0	NaN	NaN	NaN	NaN		none	NaN	NaN	NaN	NaN
wheat	/Users/rvezy/.julia/artifacts/0fe06e0ad6ecab2e7db5f97aff7d0ee11bb34555/benchmark_scenes/wheat.ops	normal_cpu	136	1.0	0.01	true	false	48	1	94	2862	1	1.75	0.816326530612244	14350	175	82	skipped_huge_case		skipped by ARCHIMEDLIGHT_ARTIFACT_BENCH_SKIP_HUGE_CASES: scattering=true, cache_radiation=false, directions=136, simulated_hours=24.0	NaN	NaN	NaN	NaN		none	NaN	NaN	NaN	NaN
wheat	/Users/rvezy/.julia/artifacts/0fe06e0ad6ecab2e7db5f97aff7d0ee11bb34555/benchmark_scenes/wheat.ops	normal_cpu	136	1.0	0.01	true	true	1	1	94	2862	1	1.75	0.816326530612244	14350	175	82	ok			197.579084	197.579084	197.579084	110.61439514160156	RasterCPUBackend	raster_cpu	64494.482617878864	50111.974580136484	54820.310225197056	5011.197458013644
wheat	/Users/rvezy/.julia/artifacts/0fe06e0ad6ecab2e7db5f97aff7d0ee11bb34555/benchmark_scenes/wheat.ops	normal_cpu	136	1.0	0.01	true	true	12	1	94	2862	1	1.75	0.816326530612244	14350	175	82	skipped_huge_case		skipped by ARCHIMEDLIGHT_ARTIFACT_BENCH_SKIP_HUGE_CASES: scattering=true, cache_radiation=true, directions=136, simulated_hours=6.0	NaN	NaN	NaN	NaN		none	NaN	NaN	NaN	NaN
wheat	/Users/rvezy/.julia/artifacts/0fe06e0ad6ecab2e7db5f97aff7d0ee11bb34555/benchmark_scenes/wheat.ops	normal_cpu	136	1.0	0.01	true	true	24	1	94	2862	1	1.75	0.816326530612244	14350	175	82	skipped_huge_case		skipped by ARCHIMEDLIGHT_ARTIFACT_BENCH_SKIP_HUGE_CASES: scattering=true, cache_radiation=true, directions=136, simulated_hours=12.0	NaN	NaN	NaN	NaN		none	NaN	NaN	NaN	NaN
wheat	/Users/rvezy/.julia/artifacts/0fe06e0ad6ecab2e7db5f97aff7d0ee11bb34555/benchmark_scenes/wheat.ops	normal_cpu	136	1.0	0.01	true	true	48	1	94	2862	1	1.75	0.816326530612244	14350	175	82	skipped_huge_case		skipped by ARCHIMEDLIGHT_ARTIFACT_BENCH_SKIP_HUGE_CASES: scattering=true, cache_radiation=true, directions=136, simulated_hours=24.0	NaN	NaN	NaN	NaN		none	NaN	NaN	NaN	NaN
wheat	/Users/rvezy/.julia/artifacts/0fe06e0ad6ecab2e7db5f97aff7d0ee11bb34555/benchmark_scenes/wheat.ops	normal_cpu	136	10.0	0.1	false	false	1	1	94	2862	1	1.75	0.816326530612244	162	18	9	ok			24.532125	24.532125	24.532125	2.4892578125	RasterCPUBackend	raster_cpu	26975.216752266828	19388.43704069178	22928.9342394268	1938.8437040691779
wheat	/Users/rvezy/.julia/artifacts/0fe06e0ad6ecab2e7db5f97aff7d0ee11bb34555/benchmark_scenes/wheat.ops	normal_cpu	136	10.0	0.1	false	false	12	1	94	2862	1	1.75	0.816326530612244	162	18	9	skipped_huge_case		skipped by ARCHIMEDLIGHT_ARTIFACT_BENCH_SKIP_HUGE_CASES: scattering=false, cache_radiation=false, directions=136, simulated_hours=6.0	NaN	NaN	NaN	NaN		none	NaN	NaN	NaN	NaN
wheat	/Users/rvezy/.julia/artifacts/0fe06e0ad6ecab2e7db5f97aff7d0ee11bb34555/benchmark_scenes/wheat.ops	normal_cpu	136	10.0	0.1	false	false	24	1	94	2862	1	1.75	0.816326530612244	162	18	9	skipped_huge_case		skipped by ARCHIMEDLIGHT_ARTIFACT_BENCH_SKIP_HUGE_CASES: scattering=false, cache_radiation=false, directions=136, simulated_hours=12.0	NaN	NaN	NaN	NaN		none	NaN	NaN	NaN	NaN
wheat	/Users/rvezy/.julia/artifacts/0fe06e0ad6ecab2e7db5f97aff7d0ee11bb34555/benchmark_scenes/wheat.ops	normal_cpu	136	10.0	0.1	false	false	48	1	94	2862	1	1.75	0.816326530612244	162	18	9	skipped_huge_case		skipped by ARCHIMEDLIGHT_ARTIFACT_BENCH_SKIP_HUGE_CASES: scattering=false, cache_radiation=false, directions=136, simulated_hours=24.0	NaN	NaN	NaN	NaN		none	NaN	NaN	NaN	NaN
wheat	/Users/rvezy/.julia/artifacts/0fe06e0ad6ecab2e7db5f97aff7d0ee11bb34555/benchmark_scenes/wheat.ops	normal_cpu	136	10.0	0.1	false	true	1	1	94	2862	1	1.75	0.816326530612244	162	18	9	ok			24.582958	24.582958	24.582958	2.2888641357421875	RasterCPUBackend	raster_cpu	26975.216752266828	19388.43704069178	22928.9342394268	1938.8437040691779
wheat	/Users/rvezy/.julia/artifacts/0fe06e0ad6ecab2e7db5f97aff7d0ee11bb34555/benchmark_scenes/wheat.ops	normal_cpu	136	10.0	0.1	false	true	12	1	94	2862	1	1.75	0.816326530612244	162	18	9	ok			25.437916	25.437916	25.437916	4.468109130859375	RasterCPUBackend	raster_cpu	365135.30611016037	212204.84440408373	310365.0101936363	21220.48444040837
wheat	/Users/rvezy/.julia/artifacts/0fe06e0ad6ecab2e7db5f97aff7d0ee11bb34555/benchmark_scenes/wheat.ops	normal_cpu	136	10.0	0.1	false	true	24	1	94	2862	1	1.75	0.816326530612244	162	18	9	ok			26.545125	26.545125	26.545125	6.845428466796875	RasterCPUBackend	raster_cpu	715219.5522656577	410862.86492083455	607936.619425809	41086.28649208344
wheat	/Users/rvezy/.julia/artifacts/0fe06e0ad6ecab2e7db5f97aff7d0ee11bb34555/benchmark_scenes/wheat.ops	normal_cpu	136	10.0	0.1	false	true	48	1	94	2862	1	1.75	0.816326530612244	162	18	9	ok			28.934	28.934	28.934	11.600067138671875	RasterCPUBackend	raster_cpu	1.4434025094050656e6	827930.4929230963	1.2268921329943065e6	82793.04929230956
wheat	/Users/rvezy/.julia/artifacts/0fe06e0ad6ecab2e7db5f97aff7d0ee11bb34555/benchmark_scenes/wheat.ops	normal_cpu	136	10.0	0.1	true	false	1	1	94	2862	1	1.75	0.816326530612244	162	18	9	ok			27.442667	27.442667	27.442667	2.895538330078125	RasterCPUBackend	raster_cpu	28890.6500510189	22414.971279433328	24557.052543366084	2241.497127943332
wheat	/Users/rvezy/.julia/artifacts/0fe06e0ad6ecab2e7db5f97aff7d0ee11bb34555/benchmark_scenes/wheat.ops	normal_cpu	136	10.0	0.1	true	false	12	1	94	2862	1	1.75	0.816326530612244	162	18	9	skipped_huge_case		skipped by ARCHIMEDLIGHT_ARTIFACT_BENCH_SKIP_HUGE_CASES: scattering=true, cache_radiation=false, directions=136, simulated_hours=6.0	NaN	NaN	NaN	NaN		none	NaN	NaN	NaN	NaN
wheat	/Users/rvezy/.julia/artifacts/0fe06e0ad6ecab2e7db5f97aff7d0ee11bb34555/benchmark_scenes/wheat.ops	normal_cpu	136	10.0	0.1	true	false	24	1	94	2862	1	1.75	0.816326530612244	162	18	9	skipped_huge_case		skipped by ARCHIMEDLIGHT_ARTIFACT_BENCH_SKIP_HUGE_CASES: scattering=true, cache_radiation=false, directions=136, simulated_hours=12.0	NaN	NaN	NaN	NaN		none	NaN	NaN	NaN	NaN
wheat	/Users/rvezy/.julia/artifacts/0fe06e0ad6ecab2e7db5f97aff7d0ee11bb34555/benchmark_scenes/wheat.ops	normal_cpu	136	10.0	0.1	true	false	48	1	94	2862	1	1.75	0.816326530612244	162	18	9	skipped_huge_case		skipped by ARCHIMEDLIGHT_ARTIFACT_BENCH_SKIP_HUGE_CASES: scattering=true, cache_radiation=false, directions=136, simulated_hours=24.0	NaN	NaN	NaN	NaN		none	NaN	NaN	NaN	NaN
wheat	/Users/rvezy/.julia/artifacts/0fe06e0ad6ecab2e7db5f97aff7d0ee11bb34555/benchmark_scenes/wheat.ops	normal_cpu	136	10.0	0.1	true	true	1	1	94	2862	1	1.75	0.816326530612244	162	18	9	ok			28.603375	28.603375	28.603375	4.4642486572265625	RasterCPUBackend	raster_cpu	28890.650051018903	22414.971279433328	24557.052543366088	2241.497127943332
wheat	/Users/rvezy/.julia/artifacts/0fe06e0ad6ecab2e7db5f97aff7d0ee11bb34555/benchmark_scenes/wheat.ops	normal_cpu	136	10.0	0.1	true	true	12	1	94	2862	1	1.75	0.816326530612244	162	18	9	skipped_huge_case		skipped by ARCHIMEDLIGHT_ARTIFACT_BENCH_SKIP_HUGE_CASES: scattering=true, cache_radiation=true, directions=136, simulated_hours=6.0	NaN	NaN	NaN	NaN		none	NaN	NaN	NaN	NaN
wheat	/Users/rvezy/.julia/artifacts/0fe06e0ad6ecab2e7db5f97aff7d0ee11bb34555/benchmark_scenes/wheat.ops	normal_cpu	136	10.0	0.1	true	true	24	1	94	2862	1	1.75	0.816326530612244	162	18	9	skipped_huge_case		skipped by ARCHIMEDLIGHT_ARTIFACT_BENCH_SKIP_HUGE_CASES: scattering=true, cache_radiation=true, directions=136, simulated_hours=12.0	NaN	NaN	NaN	NaN		none	NaN	NaN	NaN	NaN
wheat	/Users/rvezy/.julia/artifacts/0fe06e0ad6ecab2e7db5f97aff7d0ee11bb34555/benchmark_scenes/wheat.ops	normal_cpu	136	10.0	0.1	true	true	48	1	94	2862	1	1.75	0.816326530612244	162	18	9	skipped_huge_case		skipped by ARCHIMEDLIGHT_ARTIFACT_BENCH_SKIP_HUGE_CASES: scattering=true, cache_radiation=true, directions=136, simulated_hours=24.0	NaN	NaN	NaN	NaN		none	NaN	NaN	NaN	NaN
agrivoltaics_wheat	/Users/rvezy/.julia/artifacts/0fe06e0ad6ecab2e7db5f97aff7d0ee11bb34555/benchmark_scenes/agrivoltaics_wheat.ops	normal_cpu	16	0.1	0.001	false	false	1	1	22373	681158	2	0.4	10.0	4000000	400	10000	ok			255205.6475	255205.6475	255205.6475	44398.11799621582	RasterCPUBackend	raster_cpu	2.3032683796804156e6	1.6554741478953136e6	2.102306306468955e6	788825.2071707698
agrivoltaics_wheat	/Users/rvezy/.julia/artifacts/0fe06e0ad6ecab2e7db5f97aff7d0ee11bb34555/benchmark_scenes/agrivoltaics_wheat.ops	normal_cpu	16	0.1	0.001	false	false	12	1	22373	681158	2	0.4	10.0	4000000	400	10000	ok			3.047533283167e6	3.047533283167e6	3.047533283167e6	530729.0843048096	RasterCPUBackend	raster_cpu	2.7643510275303576e7	1.5549100377544787e7	2.537271444030488e7	7.740592785567391e6
agrivoltaics_wheat	/Users/rvezy/.julia/artifacts/0fe06e0ad6ecab2e7db5f97aff7d0ee11bb34555/benchmark_scenes/agrivoltaics_wheat.ops	normal_cpu	16	0.1	0.001	false	false	24	1	22373	681158	2	0.4	10.0	4000000	400	10000	ok			6.051496092958e6	6.051496092958e6	6.051496092958e6	1.0612745900421143e6	RasterCPUBackend	raster_cpu	5.528684838956976e7	3.1098012301956676e7	5.079898551351958e7	1.5726042196166838e7
agrivoltaics_wheat	/Users/rvezy/.julia/artifacts/0fe06e0ad6ecab2e7db5f97aff7d0ee11bb34555/benchmark_scenes/agrivoltaics_wheat.ops	normal_cpu	16	0.1	0.001	false	false	48	1	22373	681158	2	0.4	10.0	4000000	400	10000	ok			1.1947668153209e7	1.1947668153209e7	1.1947668153209e7	2.1223656015167236e6	RasterCPUBackend	raster_cpu	1.1057358498489328e8	6.2195916498913646e7	1.0165516083518003e8	3.1707416515197713e7
agrivoltaics_wheat	/Users/rvezy/.julia/artifacts/0fe06e0ad6ecab2e7db5f97aff7d0ee11bb34555/benchmark_scenes/agrivoltaics_wheat.ops	normal_cpu	16	0.1	0.001	false	true	1	1	22373	681158	2	0.4	10.0	4000000	400	10000	ok			251790.236709	251790.236709	251790.236709	44310.86404418945	RasterCPUBackend	raster_cpu	2.3032683796804156e6	1.6554741478953136e6	2.102306306468955e6	788825.2071707698
agrivoltaics_wheat	/Users/rvezy/.julia/artifacts/0fe06e0ad6ecab2e7db5f97aff7d0ee11bb34555/benchmark_scenes/agrivoltaics_wheat.ops	normal_cpu	16	0.1	0.001	false	true	12	1	22373	681158	2	0.4	10.0	4000000	400	10000	ok			249836.961041	249836.961041	249836.961041	44552.198959350586	RasterCPUBackend	raster_cpu	2.7643510275303576e7	1.5549100377544787e7	2.537271444030488e7	7.740592785567391e6
agrivoltaics_wheat	/Users/rvezy/.julia/artifacts/0fe06e0ad6ecab2e7db5f97aff7d0ee11bb34555/benchmark_scenes/agrivoltaics_wheat.ops	normal_cpu	16	0.1	0.001	false	true	24	1	22373	681158	2	0.4	10.0	4000000	400	10000	ok			253171.124833	253171.124833	253171.124833	44815.660873413086	RasterCPUBackend	raster_cpu	5.528684838956976e7	3.1098012301956676e7	5.079898551351958e7	1.5726042196166838e7
agrivoltaics_wheat	/Users/rvezy/.julia/artifacts/0fe06e0ad6ecab2e7db5f97aff7d0ee11bb34555/benchmark_scenes/agrivoltaics_wheat.ops	normal_cpu	16	0.1	0.001	false	true	48	1	22373	681158	2	0.4	10.0	4000000	400	10000	ok			253147.738208	253147.738208	253147.738208	45342.584701538086	RasterCPUBackend	raster_cpu	1.1057358498489328e8	6.2195916498913646e7	1.0165516083518003e8	3.1707416515197713e7
agrivoltaics_wheat	/Users/rvezy/.julia/artifacts/0fe06e0ad6ecab2e7db5f97aff7d0ee11bb34555/benchmark_scenes/agrivoltaics_wheat.ops	normal_cpu	16	0.1	0.001	true	false	1	1	22373	681158	2	0.4	10.0	4000000	400	10000	ok			508889.219666	508889.219666	508889.219666	113803.49024963379	RasterCPUBackend	raster_cpu	2.5063850620540795e6	2.0016256435182258e6	2.2783864820635947e6	855719.2110604746
agrivoltaics_wheat	/Users/rvezy/.julia/artifacts/0fe06e0ad6ecab2e7db5f97aff7d0ee11bb34555/benchmark_scenes/agrivoltaics_wheat.ops	normal_cpu	16	0.1	0.001	true	false	12	1	22373	681158	2	0.4	10.0	4000000	400	10000	ok			6.06108375e6	6.06108375e6	6.06108375e6	1.3651011557617188e6	RasterCPUBackend	raster_cpu	2.994177685917173e7	1.8647989607787568e7	2.7362145248711452e7	8.317095984575352e6
agrivoltaics_wheat	/Users/rvezy/.julia/artifacts/0fe06e0ad6ecab2e7db5f97aff7d0ee11bb34555/benchmark_scenes/agrivoltaics_wheat.ops	normal_cpu	16	0.1	0.001	true	false	24	1	22373	681158	2	0.4	10.0	4000000	400	10000	ok			1.2081624379e7	1.2081624379e7	1.2081624379e7	2.729814984008789e6	RasterCPUBackend	raster_cpu	5.982368478308894e7	3.719741253922775e7	5.4726283575158805e7	1.686080900709989e7
agrivoltaics_wheat	/Users/rvezy/.julia/artifacts/0fe06e0ad6ecab2e7db5f97aff7d0ee11bb34555/benchmark_scenes/agrivoltaics_wheat.ops	normal_cpu	16	0.1	0.001	true	false	48	1	22373	681158	2	0.4	10.0	4000000	400	10000	ok			2.5306473683208e7	2.5306473683208e7	2.5306473683208e7	5.46067439050293e6	RasterCPUBackend	raster_cpu	1.1958593336661412e8	7.429100098614635e7	1.0945672262965196e8	3.395752472549742e7
agrivoltaics_wheat	/Users/rvezy/.julia/artifacts/0fe06e0ad6ecab2e7db5f97aff7d0ee11bb34555/benchmark_scenes/agrivoltaics_wheat.ops	normal_cpu	16	0.1	0.001	true	true	1	1	22373	681158	2	0.4	10.0	4000000	400	10000	ok			538568.279334	538568.279334	538568.279334	113858.89131164551	RasterCPUBackend	raster_cpu	2.5069998545580897e6	2.001405269110731e6	2.2789129137479854e6	855690.2766361444
agrivoltaics_wheat	/Users/rvezy/.julia/artifacts/0fe06e0ad6ecab2e7db5f97aff7d0ee11bb34555/benchmark_scenes/agrivoltaics_wheat.ops	normal_cpu	16	0.1	0.001	true	true	12	1	22373	681158	2	0.4	10.0	4000000	400	10000	ok			539166.680917	539166.680917	539166.680917	114150.91781616211	RasterCPUBackend	raster_cpu	2.995023930855708e7	1.8657033058609195e7	2.7369391381444e7	8.318291404993342e6
agrivoltaics_wheat	/Users/rvezy/.julia/artifacts/0fe06e0ad6ecab2e7db5f97aff7d0ee11bb34555/benchmark_scenes/agrivoltaics_wheat.ops	normal_cpu	16	0.1	0.001	true	true	24	1	22373	681158	2	0.4	10.0	4000000	400	10000	ok			539054.869041	539054.869041	539054.869041	114420.87850952148	RasterCPUBackend	raster_cpu	5.9844957587657675e7	3.721800938408379e7	5.474449976908565e7	1.6863534977854125e7
agrivoltaics_wheat	/Users/rvezy/.julia/artifacts/0fe06e0ad6ecab2e7db5f97aff7d0ee11bb34555/benchmark_scenes/agrivoltaics_wheat.ops	normal_cpu	16	0.1	0.001	true	true	48	1	22373	681158	2	0.4	10.0	4000000	400	10000	ok			539089.27625	539089.27625	539089.27625	114995.67489624023	RasterCPUBackend	raster_cpu	1.1963019929782939e8	7.433429098671384e7	1.09494628875019e8	3.396325563548048e7
agrivoltaics_wheat	/Users/rvezy/.julia/artifacts/0fe06e0ad6ecab2e7db5f97aff7d0ee11bb34555/benchmark_scenes/agrivoltaics_wheat.ops	normal_cpu	16	0.5	0.005	false	false	1	1	22373	681158	2	0.4	10.0	160000	80	2000	ok			1420.998875	1420.998875	1420.998875	359.87611389160156	RasterCPUBackend	raster_cpu	2.3033710715619363e6	1.6555479576851446e6	2.102393421397123e6	788831.8413493901
agrivoltaics_wheat	/Users/rvezy/.julia/artifacts/0fe06e0ad6ecab2e7db5f97aff7d0ee11bb34555/benchmark_scenes/agrivoltaics_wheat.ops	normal_cpu	16	0.5	0.005	false	false	12	1	22373	681158	2	0.4	10.0	160000	80	2000	ok			16557.370167	16557.370167	16557.370167	2269.1651763916016	RasterCPUBackend	raster_cpu	2.762222583501314e7	1.554190178441428e7	2.535461961597311e7	7.739863075228618e6
agrivoltaics_wheat	/Users/rvezy/.julia/artifacts/0fe06e0ad6ecab2e7db5f97aff7d0ee11bb34555/benchmark_scenes/agrivoltaics_wheat.ops	normal_cpu	16	0.5	0.005	false	false	24	1	22373	681158	2	0.4	10.0	160000	80	2000	ok			33341.2615	33341.2615	33341.2615	4335.28303527832	RasterCPUBackend	raster_cpu	5.524051633096738e7	3.10802491875288e7	5.075959703614374e7	1.5724245610444563e7
agrivoltaics_wheat	/Users/rvezy/.julia/artifacts/0fe06e0ad6ecab2e7db5f97aff7d0ee11bb34555/benchmark_scenes/agrivoltaics_wheat.ops	normal_cpu	16	0.5	0.005	false	false	48	1	22373	681158	2	0.4	10.0	160000	80	2000	ok			66307.659	66307.659	66307.659	8481.268753051758	RasterCPUBackend	raster_cpu	1.1047745062575665e8	6.2157131809985146e7	1.0157343404725605e8	3.1703496924365677e7
agrivoltaics_wheat	/Users/rvezy/.julia/artifacts/0fe06e0ad6ecab2e7db5f97aff7d0ee11bb34555/benchmark_scenes/agrivoltaics_wheat.ops	normal_cpu	16	0.5	0.005	false	true	1	1	22373	681158	2	0.4	10.0	160000	80	2000	ok			1372.752208	1372.752208	1372.752208	273.41114807128906	RasterCPUBackend	raster_cpu	2.3033710715619363e6	1.6555479576851446e6	2.102393421397123e6	788831.8413493901
agrivoltaics_wheat	/Users/rvezy/.julia/artifacts/0fe06e0ad6ecab2e7db5f97aff7d0ee11bb34555/benchmark_scenes/agrivoltaics_wheat.ops	normal_cpu	16	0.5	0.005	false	true	12	1	22373	681158	2	0.4	10.0	160000	80	2000	ok			1514.099167	1514.099167	1514.099167	514.9179382324219	RasterCPUBackend	raster_cpu	2.762222583501314e7	1.554190178441428e7	2.535461961597311e7	7.739863075228618e6
agrivoltaics_wheat	/Users/rvezy/.julia/artifacts/0fe06e0ad6ecab2e7db5f97aff7d0ee11bb34555/benchmark_scenes/agrivoltaics_wheat.ops	normal_cpu	16	0.5	0.005	false	true	24	1	22373	681158	2	0.4	10.0	160000	80	2000	ok			1596.227666	1596.227666	1596.227666	778.3798522949219	RasterCPUBackend	raster_cpu	5.524051633096738e7	3.10802491875288e7	5.075959703614374e7	1.5724245610444563e7
agrivoltaics_wheat	/Users/rvezy/.julia/artifacts/0fe06e0ad6ecab2e7db5f97aff7d0ee11bb34555/benchmark_scenes/agrivoltaics_wheat.ops	normal_cpu	16	0.5	0.005	false	true	48	1	22373	681158	2	0.4	10.0	160000	80	2000	ok			2118.002375	2118.002375	2118.002375	1305.3036804199219	RasterCPUBackend	raster_cpu	1.1047745062575665e8	6.2157131809985146e7	1.0157343404725605e8	3.1703496924365677e7
agrivoltaics_wheat	/Users/rvezy/.julia/artifacts/0fe06e0ad6ecab2e7db5f97aff7d0ee11bb34555/benchmark_scenes/agrivoltaics_wheat.ops	normal_cpu	16	0.5	0.005	true	false	1	1	22373	681158	2	0.4	10.0	160000	80	2000	ok			13170.498167	13170.498167	13170.498167	5885.134262084961	RasterCPUBackend	raster_cpu	2.506503937565511e6	2.0017445071095598e6	2.2784851690966943e6	855704.4919920508
agrivoltaics_wheat	/Users/rvezy/.julia/artifacts/0fe06e0ad6ecab2e7db5f97aff7d0ee11bb34555/benchmark_scenes/agrivoltaics_wheat.ops	normal_cpu	16	0.5	0.005	true	false	12	1	22373	681158	2	0.4	10.0	160000	80	2000	ok			152914.400416	152914.400416	152914.400416	68733.24328613281	RasterCPUBackend	raster_cpu	2.9916764655842893e7	1.8637809074672908e7	2.7340840505296525e7	8.3157538920455575e6
agrivoltaics_wheat	/Users/rvezy/.julia/artifacts/0fe06e0ad6ecab2e7db5f97aff7d0ee11bb34555/benchmark_scenes/agrivoltaics_wheat.ops	normal_cpu	16	0.5	0.005	true	false	24	1	22373	681158	2	0.4	10.0	160000	80	2000	ok			303697.5605	303697.5605	303697.5605	137568.1121826172	RasterCPUBackend	raster_cpu	5.976929255530165e7	3.717240943274249e7	5.46799565157812e7	1.685760026566031e7
agrivoltaics_wheat	/Users/rvezy/.julia/artifacts/0fe06e0ad6ecab2e7db5f97aff7d0ee11bb34555/benchmark_scenes/agrivoltaics_wheat.ops	normal_cpu	16	0.5	0.005	true	false	48	1	22373	681158	2	0.4	10.0	160000	80	2000	ok			607583.529	607583.529	607583.529	275291.39685058594	RasterCPUBackend	raster_cpu	1.1947312312716874e8	7.42364973937858e7	1.0936064202109359e8	3.39506012606606e7
agrivoltaics_wheat	/Users/rvezy/.julia/artifacts/0fe06e0ad6ecab2e7db5f97aff7d0ee11bb34555/benchmark_scenes/agrivoltaics_wheat.ops	normal_cpu	16	0.5	0.005	true	true	1	1	22373	681158	2	0.4	10.0	160000	80	2000	ok			13251.0065	13251.0065	13251.0065	5935.16032409668	RasterCPUBackend	raster_cpu	2.507118545079296e6	2.00152459848686e6	2.2790114170147437e6	855675.6644964468
agrivoltaics_wheat	/Users/rvezy/.julia/artifacts/0fe06e0ad6ecab2e7db5f97aff7d0ee11bb34555/benchmark_scenes/agrivoltaics_wheat.ops	normal_cpu	16	0.5	0.005	true	true	12	1	22373	681158	2	0.4	10.0	160000	80	2000	ok			13094.346125	13094.346125	13094.346125	6203.936828613281	RasterCPUBackend	raster_cpu	2.9925229101168923e7	1.864686484893815e7	2.7348087941766422e7	8.31694903707065e6
agrivoltaics_wheat	/Users/rvezy/.julia/artifacts/0fe06e0ad6ecab2e7db5f97aff7d0ee11bb34555/benchmark_scenes/agrivoltaics_wheat.ops	normal_cpu	16	0.5	0.005	true	true	24	1	22373	681158	2	0.4	10.0	160000	80	2000	ok			14017.603583	14017.603583	14017.603583	6497.147521972656	RasterCPUBackend	raster_cpu	5.979057851510042e7	3.719303515338156e7	5.469818298122606e7	1.686032578528954e7
agrivoltaics_wheat	/Users/rvezy/.julia/artifacts/0fe06e0ad6ecab2e7db5f97aff7d0ee11bb34555/benchmark_scenes/agrivoltaics_wheat.ops	normal_cpu	16	0.5	0.005	true	true	48	1	22373	681158	2	0.4	10.0	160000	80	2000	ok			14021.774084	14021.774084	14021.774084	7083.568908691406	RasterCPUBackend	raster_cpu	1.1951742413188645e8	7.42798520410963e7	1.0939857622506317e8	3.395633172988485e7
agrivoltaics_wheat	/Users/rvezy/.julia/artifacts/0fe06e0ad6ecab2e7db5f97aff7d0ee11bb34555/benchmark_scenes/agrivoltaics_wheat.ops	normal_cpu	16	1.0	0.01	false	false	1	1	22373	681158	2	0.4	10.0	40000	40	1000	ok			1018.61875	1018.61875	1018.61875	314.1243438720703	RasterCPUBackend	raster_cpu	2.3031826660966305e6	1.6554125412569565e6	2.1022332767514577e6	788818.2997059099
agrivoltaics_wheat	/Users/rvezy/.julia/artifacts/0fe06e0ad6ecab2e7db5f97aff7d0ee11bb34555/benchmark_scenes/agrivoltaics_wheat.ops	normal_cpu	16	1.0	0.01	false	false	12	1	22373	681158	2	0.4	10.0	40000	40	1000	ok			11558.896791	11558.896791	11558.896791	1777.6439361572266	RasterCPUBackend	raster_cpu	2.7581164377142247e7	1.5526146852634419e7	2.531971737678302e7	7.738287582051437e6
agrivoltaics_wheat	/Users/rvezy/.julia/artifacts/0fe06e0ad6ecab2e7db5f97aff7d0ee11bb34555/benchmark_scenes/agrivoltaics_wheat.ops	normal_cpu	16	1.0	0.01	false	false	24	1	22373	681158	2	0.4	10.0	40000	40	1000	ok			23159.374958	23159.374958	23159.374958	3297.0843048095703	RasterCPUBackend	raster_cpu	5.515254661815602e7	3.1043524720392678e7	5.068482278025462e7	1.572057316373279e7
agrivoltaics_wheat	/Users/rvezy/.julia/artifacts/0fe06e0ad6ecab2e7db5f97aff7d0ee11bb34555/benchmark_scenes/agrivoltaics_wheat.ops	normal_cpu	16	1.0	0.01	false	false	48	1	22373	681158	2	0.4	10.0	40000	40	1000	ok			46088.383334	46088.383334	46088.383334	6325.511917114258	RasterCPUBackend	raster_cpu	1.1029572746344507e8	6.207845056902894e7	1.0141896935929249e8	3.1695628800273947e7
agrivoltaics_wheat	/Users/rvezy/.julia/artifacts/0fe06e0ad6ecab2e7db5f97aff7d0ee11bb34555/benchmark_scenes/agrivoltaics_wheat.ops	normal_cpu	16	1.0	0.01	false	true	1	1	22373	681158	2	0.4	10.0	40000	40	1000	ok			989.464292	989.464292	989.464292	229.0812530517578	RasterCPUBackend	raster_cpu	2.3031826660966305e6	1.6554125412569565e6	2.1022332767514577e6	788818.2997059099
agrivoltaics_wheat	/Users/rvezy/.julia/artifacts/0fe06e0ad6ecab2e7db5f97aff7d0ee11bb34555/benchmark_scenes/agrivoltaics_wheat.ops	normal_cpu	16	1.0	0.01	false	true	12	1	22373	681158	2	0.4	10.0	40000	40	1000	ok			1058.384333	1058.384333	1058.384333	470.5880432128906	RasterCPUBackend	raster_cpu	2.7581164377142247e7	1.5526146852634419e7	2.531971737678302e7	7.738287582051437e6
agrivoltaics_wheat	/Users/rvezy/.julia/artifacts/0fe06e0ad6ecab2e7db5f97aff7d0ee11bb34555/benchmark_scenes/agrivoltaics_wheat.ops	normal_cpu	16	1.0	0.01	false	true	24	1	22373	681158	2	0.4	10.0	40000	40	1000	ok			1170.534125	1170.534125	1170.534125	734.0499572753906	RasterCPUBackend	raster_cpu	5.515254661815602e7	3.1043524720392678e7	5.068482278025462e7	1.572057316373279e7
agrivoltaics_wheat	/Users/rvezy/.julia/artifacts/0fe06e0ad6ecab2e7db5f97aff7d0ee11bb34555/benchmark_scenes/agrivoltaics_wheat.ops	normal_cpu	16	1.0	0.01	false	true	48	1	22373	681158	2	0.4	10.0	40000	40	1000	ok			1646.18525	1646.18525	1646.18525	1260.9737854003906	RasterCPUBackend	raster_cpu	1.1029572746344507e8	6.207845056902894e7	1.0141896935929249e8	3.1695628800273947e7
agrivoltaics_wheat	/Users/rvezy/.julia/artifacts/0fe06e0ad6ecab2e7db5f97aff7d0ee11bb34555/benchmark_scenes/agrivoltaics_wheat.ops	normal_cpu	16	1.0	0.01	true	false	1	1	22373	681158	2	0.4	10.0	40000	40	1000	ok			3993.1685	3993.1685	3993.1685	2057.9937896728516	RasterCPUBackend	raster_cpu	2.5062976445491677e6	2.0016432283947165e6	2.2783024013627796e6	855605.2446661801
agrivoltaics_wheat	/Users/rvezy/.julia/artifacts/0fe06e0ad6ecab2e7db5f97aff7d0ee11bb34555/benchmark_scenes/agrivoltaics_wheat.ops	normal_cpu	16	1.0	0.01	true	false	12	1	22373	681158	2	0.4	10.0	40000	40	1000	ok			47402.836584	47402.836584	47402.836584	22621.1357421875	RasterCPUBackend	raster_cpu	2.9869353646361597e7	1.861709124979706e7	2.7300408465925235e7	8.312597962335129e6
agrivoltaics_wheat	/Users/rvezy/.julia/artifacts/0fe06e0ad6ecab2e7db5f97aff7d0ee11bb34555/benchmark_scenes/agrivoltaics_wheat.ops	normal_cpu	16	1.0	0.01	true	false	24	1	22373	681158	2	0.4	10.0	40000	40	1000	ok			94700.781375	94700.781375	94700.781375	43862.33459472656	RasterCPUBackend	raster_cpu	5.966755232772483e7	3.712790526702147e7	5.459321745725726e7	1.6851169006810684e7
agrivoltaics_wheat	/Users/rvezy/.julia/artifacts/0fe06e0ad6ecab2e7db5f97aff7d0ee11bb34555/benchmark_scenes/agrivoltaics_wheat.ops	normal_cpu	16	1.0	0.01	true	false	48	1	22373	681158	2	0.4	10.0	40000	40	1000	ok			186729.6355	186729.6355	186729.6355	87562.31042480469	RasterCPUBackend	raster_cpu	1.1926283247121048e8	7.413115443101539e7	1.0918137952689585e8	3.39358619338094e7
agrivoltaics_wheat	/Users/rvezy/.julia/artifacts/0fe06e0ad6ecab2e7db5f97aff7d0ee11bb34555/benchmark_scenes/agrivoltaics_wheat.ops	normal_cpu	16	1.0	0.01	true	true	1	1	22373	681158	2	0.4	10.0	40000	40	1000	ok			4187.350083	4187.350083	4187.350083	2035.3323516845703	RasterCPUBackend	raster_cpu	2.5069134143123166e6	2.0014242903477123e6	2.2788295985615724e6	855576.6663080476
agrivoltaics_wheat	/Users/rvezy/.julia/artifacts/0fe06e0ad6ecab2e7db5f97aff7d0ee11bb34555/benchmark_scenes/agrivoltaics_wheat.ops	normal_cpu	16	1.0	0.01	true	true	12	1	22373	681158	2	0.4	10.0	40000	40	1000	ok			4351.76675	4351.76675	4351.76675	2301.890106201172	RasterCPUBackend	raster_cpu	2.987782160988907e7	1.8626175377041474e7	2.7307658409653384e7	8.313791645666579e6
agrivoltaics_wheat	/Users/rvezy/.julia/artifacts/0fe06e0ad6ecab2e7db5f97aff7d0ee11bb34555/benchmark_scenes/agrivoltaics_wheat.ops	normal_cpu	16	1.0	0.01	true	true	24	1	22373	681158	2	0.4	10.0	40000	40	1000	ok			4427.80275	4427.80275	4427.80275	2595.100799560547	RasterCPUBackend	raster_cpu	5.968886479461756e7	3.714417065960414e7	5.461146516426933e7	1.6853307987898685e7
agrivoltaics_wheat	/Users/rvezy/.julia/artifacts/0fe06e0ad6ecab2e7db5f97aff7d0ee11bb34555/benchmark_scenes/agrivoltaics_wheat.ops	normal_cpu	16	1.0	0.01	true	true	48	1	22373	681158	2	0.4	10.0	40000	40	1000	ok			4731.2675	4731.2675	4731.2675	3181.522186279297	RasterCPUBackend	raster_cpu	1.1930719361399223e8	7.41746496593172e7	1.0921936207714304e8	3.394158515368992e7
agrivoltaics_wheat	/Users/rvezy/.julia/artifacts/0fe06e0ad6ecab2e7db5f97aff7d0ee11bb34555/benchmark_scenes/agrivoltaics_wheat.ops	normal_cpu	16	10.0	0.1	false	false	1	1	22373	681158	2	0.4	10.0	400	4	100	ok			726.401208	726.401208	726.401208	288.92103576660156	RasterCPUBackend	raster_cpu	1.6339744054069156e6	1.1744191038862232e6	1.5334062551652337e6	740718.9559689735
agrivoltaics_wheat	/Users/rvezy/.julia/artifacts/0fe06e0ad6ecab2e7db5f97aff7d0ee11bb34555/benchmark_scenes/agrivoltaics_wheat.ops	normal_cpu	16	10.0	0.1	false	false	12	1	22373	681158	2	0.4	10.0	400	4	100	ok			8207.18225	8207.18225	8207.18225	1570.5797424316406	RasterCPUBackend	raster_cpu	1.9203023233046684e7	1.0667573867703313e7	1.8198297404301956e7	7.252430283558831e6
agrivoltaics_wheat	/Users/rvezy/.julia/artifacts/0fe06e0ad6ecab2e7db5f97aff7d0ee11bb34555/benchmark_scenes/agrivoltaics_wheat.ops	normal_cpu	16	10.0	0.1	false	false	24	1	22373	681158	2	0.4	10.0	400	4	100	ok			16348.116583	16348.116583	16348.116583	2960.6903381347656	RasterCPUBackend	raster_cpu	3.867118885756481e7	2.151426810860329e7	3.667566868375242e7	1.4767647502554841e7
agrivoltaics_wheat	/Users/rvezy/.julia/artifacts/0fe06e0ad6ecab2e7db5f97aff7d0ee11bb34555/benchmark_scenes/agrivoltaics_wheat.ops	normal_cpu	16	10.0	0.1	false	false	48	1	22373	681158	2	0.4	10.0	400	4	100	ok			32264.098208	32264.098208	32264.098208	5785.192779541016	RasterCPUBackend	raster_cpu	7.761952014993644e7	4.32161521575875e7	7.364419314281076e7	2.9809398959131923e7
agrivoltaics_wheat	/Users/rvezy/.julia/artifacts/0fe06e0ad6ecab2e7db5f97aff7d0ee11bb34555/benchmark_scenes/agrivoltaics_wheat.ops	normal_cpu	16	10.0	0.1	false	true	1	1	22373	681158	2	0.4	10.0	400	4	100	ok			676.089417	676.089417	676.089417	212.14352416992188	RasterCPUBackend	raster_cpu	1.6339744054069156e6	1.1744191038862232e6	1.5334062551652337e6	740718.9559689735
agrivoltaics_wheat	/Users/rvezy/.julia/artifacts/0fe06e0ad6ecab2e7db5f97aff7d0ee11bb34555/benchmark_scenes/agrivoltaics_wheat.ops	normal_cpu	16	10.0	0.1	false	true	12	1	22373	681158	2	0.4	10.0	400	4	100	ok			772.937041	772.937041	772.937041	453.6503143310547	RasterCPUBackend	raster_cpu	1.9203023233046684e7	1.0667573867703313e7	1.8198297404301956e7	7.252430283558831e6
agrivoltaics_wheat	/Users/rvezy/.julia/artifacts/0fe06e0ad6ecab2e7db5f97aff7d0ee11bb34555/benchmark_scenes/agrivoltaics_wheat.ops	normal_cpu	16	10.0	0.1	false	true	24	1	22373	681158	2	0.4	10.0	400	4	100	ok			883.401791	883.401791	883.401791	717.1122283935547	RasterCPUBackend	raster_cpu	3.867118885756481e7	2.151426810860329e7	3.667566868375242e7	1.4767647502554841e7
agrivoltaics_wheat	/Users/rvezy/.julia/artifacts/0fe06e0ad6ecab2e7db5f97aff7d0ee11bb34555/benchmark_scenes/agrivoltaics_wheat.ops	normal_cpu	16	10.0	0.1	false	true	48	1	22373	681158	2	0.4	10.0	400	4	100	ok			1061.477792	1061.477792	1061.477792	1244.0360565185547	RasterCPUBackend	raster_cpu	7.761952014993644e7	4.32161521575875e7	7.364419314281076e7	2.9809398959131923e7
agrivoltaics_wheat	/Users/rvezy/.julia/artifacts/0fe06e0ad6ecab2e7db5f97aff7d0ee11bb34555/benchmark_scenes/agrivoltaics_wheat.ops	normal_cpu	16	10.0	0.1	true	false	1	1	22373	681158	2	0.4	10.0	400	4	100	ok			750.912167	750.912167	750.912167	266.7418975830078	RasterCPUBackend	raster_cpu	1.7330287439379634e6	1.3413581524033728e6	1.6192264301723805e6	772361.3791047723
agrivoltaics_wheat	/Users/rvezy/.julia/artifacts/0fe06e0ad6ecab2e7db5f97aff7d0ee11bb34555/benchmark_scenes/agrivoltaics_wheat.ops	normal_cpu	16	10.0	0.1	true	false	12	1	22373	681158	2	0.4	10.0	400	4	100	ok			8354.840041	8354.840041	8354.840041	1288.472915649414	RasterCPUBackend	raster_cpu	2.0186300371434666e7	1.1971307224578995e7	1.9048063507403385e7	7.48548425241605e6
agrivoltaics_wheat	/Users/rvezy/.julia/artifacts/0fe06e0ad6ecab2e7db5f97aff7d0ee11bb34555/benchmark_scenes/agrivoltaics_wheat.ops	normal_cpu	16	10.0	0.1	true	false	24	1	22373	681158	2	0.4	10.0	400	4	100	ok			17254.099917	17254.099917	17254.099917	2388.524612426758	RasterCPUBackend	raster_cpu	4.062499139097447e7	2.4092173724519003e7	3.836413463100254e7	1.5227542274185613e7
agrivoltaics_wheat	/Users/rvezy/.julia/artifacts/0fe06e0ad6ecab2e7db5f97aff7d0ee11bb34555/benchmark_scenes/agrivoltaics_wheat.ops	normal_cpu	16	10.0	0.1	true	false	48	1	22373	681158	2	0.4	10.0	400	4	100	ok			34091.22475	34091.22475	34091.22475	4555.487380981445	RasterCPUBackend	raster_cpu	8.151221714179803e7	4.834080177415113e7	7.700817442186312e7	3.0722553795625884e7
agrivoltaics_wheat	/Users/rvezy/.julia/artifacts/0fe06e0ad6ecab2e7db5f97aff7d0ee11bb34555/benchmark_scenes/agrivoltaics_wheat.ops	normal_cpu	16	10.0	0.1	true	true	1	1	22373	681158	2	0.4	10.0	400	4	100	ok			799.241542	799.241542	799.241542	303.8147430419922	RasterCPUBackend	raster_cpu	1.733043738723299e6	1.3414910980416592e6	1.6192392859665754e6	772377.5686911514
agrivoltaics_wheat	/Users/rvezy/.julia/artifacts/0fe06e0ad6ecab2e7db5f97aff7d0ee11bb34555/benchmark_scenes/agrivoltaics_wheat.ops	normal_cpu	16	10.0	0.1	true	true	12	1	22373	681158	2	0.4	10.0	400	4	100	ok			872.280083	872.280083	872.280083	573.9037475585938	RasterCPUBackend	raster_cpu	2.018645143031732e7	1.1971919591661472e7	1.9048193017887454e7	7.485559845457797e6
agrivoltaics_wheat	/Users/rvezy/.julia/artifacts/0fe06e0ad6ecab2e7db5f97aff7d0ee11bb34555/benchmark_scenes/agrivoltaics_wheat.ops	normal_cpu	16	10.0	0.1	true	true	24	1	22373	681158	2	0.4	10.0	400	4	100	ok			988.186333	988.186333	988.186333	867.1144409179688	RasterCPUBackend	raster_cpu	4.062529211262813e7	2.4093377949562043e7	3.836439245501304e7	1.522769097285741e7
agrivoltaics_wheat	/Users/rvezy/.julia/artifacts/0fe06e0ad6ecab2e7db5f97aff7d0ee11bb34555/benchmark_scenes/agrivoltaics_wheat.ops	normal_cpu	16	10.0	0.1	true	true	48	1	22373	681158	2	0.4	10.0	400	4	100	ok			1493.234459	1493.234459	1493.234459	1452.2233276367188	RasterCPUBackend	raster_cpu	8.151281735982473e7	4.8343191683510005e7	7.700868901938857e7	3.0722848944174144e7
agrivoltaics_wheat	/Users/rvezy/.julia/artifacts/0fe06e0ad6ecab2e7db5f97aff7d0ee11bb34555/benchmark_scenes/agrivoltaics_wheat.ops	normal_cpu	46	0.1	0.001	false	false	1	1	22373	681158	2	0.4	10.0	4000000	400	10000	ok			1.220081953958e6	1.220081953958e6	1.220081953958e6	191237.47346496582	RasterCPUBackend	raster_cpu	2.3034985018759673e6	1.6556395482233346e6	2.093961158695543e6	752009.7557577802
agrivoltaics_wheat	/Users/rvezy/.julia/artifacts/0fe06e0ad6ecab2e7db5f97aff7d0ee11bb34555/benchmark_scenes/agrivoltaics_wheat.ops	normal_cpu	46	0.1	0.001	false	false	12	1	22373	681158	2	0.4	10.0	4000000	400	10000	ok			1.4667099034375e7	1.4667099034375e7	1.4667099034375e7	2.291977364639282e6	RasterCPUBackend	raster_cpu	2.7637349407430477e7	1.5546083450066406e7	2.5358885139131714e7	7.7434011910830485e6
agrivoltaics_wheat	/Users/rvezy/.julia/artifacts/0fe06e0ad6ecab2e7db5f97aff7d0ee11bb34555/benchmark_scenes/agrivoltaics_wheat.ops	normal_cpu	46	0.1	0.001	false	false	24	1	22373	681158	2	0.4	10.0	4000000	400	10000	ok			2.9044140037834e7	2.9044140037834e7	2.9044140037834e7	4.58372310383606e6	RasterCPUBackend	raster_cpu	5.527437005886553e7	3.1091432357095726e7	5.079414560516787e7	1.5836394695538511e7
